STRUCTURE,STRUCTURE_ID,STRUCTURE_NAME,ACTION,REF_AREA,Reference area,MEASURE,Measure,UNIT_MEASURE,Unit of measure,TRANSFORMATION,Transformation,ADJUSTMENT,Adjustment,SEX,Sex,AGE,Age,ACTIVITY,Economic activity,FREQ,Frequency of observation,TIME_PERIOD,Time period,OBS_VALUE,Observation value,BASE_PER,Base period,OBS_STATUS,Observation status,UNIT_MULT,Unit multiplier,DECIMALS,Decimals
DATAFLOW,OECD.SDD.TPS:DSD_LFS@DF_IALFS_LF_Q(1.0),Labour force population,I,NZL,New Zealand,LF,Labour force,PS,Persons,_Z,Not applicable,Y,Calendar and seasonally adjusted,_T,Total,Y15T64,From 15 to 64 years,_Z,Not applicable,Q,Quarterly,2022-Q2,,2708.481,,,,A,Normal value,3,Thousands,0,Zero
DATAFLOW,OECD.SDD.TPS:DSD_LFS@DF_IALFS_LF_Q(1.0),Labour force population,I,NZL,New Zealand,LF,Labour force,PS,Persons,_Z,Not applicable,Y,Calendar and seasonally adjusted,_T,Total,Y15T64,From 15 to 64 years,_Z,Not applicable,Q,Quarterly,2022-Q3,,2746.188,,,,A,Normal value,3,Thousands,0,Zero
DATAFLOW,OECD.SDD.TPS:DSD_LFS@DF_IALFS_LF_Q(1.0),Labour force population,I,NZL,New Zealand,LF,Labour force,PS,Persons,_Z,Not applicable,Y,Calendar and seasonally adjusted,_T,Total,Y15T64,From 15 to 64 years,_Z,Not applicable,Q,Quarterly,2022-Q4,,2759.16,,,,A,Normal value,3,Thousands,0,Zero
DATAFLOW,OECD.SDD.TPS:DSD_LFS@DF_IALFS_LF_Q(1.0),Labour force population,I,NZL,New Zealand,LF,Labour force,PS,Persons,_Z,Not applicable,Y,Calendar and seasonally adjusted,_T,Total,Y15T64,From 15 to 64 years,_Z,Not applicable,Q,Quarterly,2023-Q1,,2784.488,,,,A,Normal value,3,Thousands,0,Zero
DATAFLOW,OECD.SDD.TPS:DSD_LFS@DF_IALFS_LF_Q(1.0),Labour force population,I,NZL,New Zealand,LF,Labour force,PS,Persons,_Z,Not applicable,Y,Calendar and seasonally adjusted,_T,Total,Y15T64,From 15 to 64 years,_Z,Not applicable,Q,Quarterly,2023-Q2,,2814.067,,,,A,Normal value,3,Thousands,0,Zero
DATAFLOW,OECD.SDD.TPS:DSD_LFS@DF_IALFS_LF_Q(1.0),Labour force population,I,NZL,New Zealand,LF,Labour force,PS,Persons,_Z,Not applicable,Y,Calendar and seasonally adjusted,_T,Total,Y15T64,From 15 to 64 years,_Z,Not applicable,Q,Quarterly,2023-Q3,,2824.256,,,,A,Normal value,3,Thousands,0,Zero
DATAFLOW,OECD.SDD.TPS:DSD_LFS@DF_IALFS_LF_Q(1.0),Labour force population,I,IRL,Ireland,LF,Labour force,PS,Persons,_Z,Not applicable,Y,Calendar and seasonally adjusted,_T,Total,Y15T64,From 15 to 64 years,_Z,Not applicable,Q,Quarterly,2022-Q2,,2561.717,,,,A,Normal value,3,Thousands,0,Zero
DATAFLOW,OECD.SDD.TPS:DSD_LFS@DF_IALFS_LF_Q(1.0),Labour force population,I,IRL,Ireland,LF,Labour force,PS,Persons,_Z,Not applicable,Y,Calendar and seasonally adjusted,_T,Total,Y15T64,From 15 to 64 years,_Z,Not applicable,Q,Quarterly,2022-Q3,,2559.976,,,,A,Normal value,3,Thousands,0,Zero
DATAFLOW,OECD.SDD.TPS:DSD_LFS@DF_IALFS_LF_Q(1.0),Labour force population,I,IRL,Ireland,LF,Labour force,PS,Persons,_Z,Not applicable,Y,Calendar and seasonally adjusted,_T,Total,Y15T64,From 15 to 64 years,_Z,Not applicable,Q,Quarterly,2022-Q4,,2586.186,,,,A,Normal value,3,Thousands,0,Zero
DATAFLOW,OECD.SDD.TPS:DSD_LFS@DF_IALFS_LF_Q(1.0),Labour force population,I,IRL,Ireland,LF,Labour force,PS,Persons,_Z,Not applicable,Y,Calendar and seasonally adjusted,_T,Total,Y15T64,From 15 to 64 years,_Z,Not applicable,Q,Quarterly,2023-Q1,,2612.662,,,,A,Normal value,3,Thousands,0,Zero
DATAFLOW,OECD.SDD.TPS:DSD_LFS@DF_IALFS_LF_Q(1.0),Labour force population,I,IRL,Ireland,LF,Labour force,PS,Persons,_Z,Not applicable,Y,Calendar and seasonally adjusted,_T,Total,Y15T64,From 15 to 64 years,_Z,Not applicable,Q,Quarterly,2023-Q2,,2638.421,,,,A,Normal value,3,Thousands,0,Zero
DATAFLOW,OECD.SDD.TPS:DSD_LFS@DF_IALFS_LF_Q(1.0),Labour force population,I,IRL,Ireland,LF,Labour force,PS,Persons,_Z,Not applicable,Y,Calendar and seasonally adjusted,_T,Total,Y15T64,From 15 to 64 years,_Z,Not applicable,Q,Quarterly,2023-Q3,,2654.344,,,,A,Normal value,3,Thousands,0,Zero
DATAFLOW,OECD.SDD.TPS:DSD_LFS@DF_IALFS_LF_Q(1.0),Labour force population,I,ITA,Italy,LF,Labour force,PS,Persons,_Z,Not applicable,Y,Calendar and seasonally adjusted,_T,Total,Y15T64,From 15 to 64 years,_Z,Not applicable,Q,Quarterly,2022-Q2,,24498.49,,,,A,Normal value,3,Thousands,0,Zero
DATAFLOW,OECD.SDD.TPS:DSD_LFS@DF_IALFS_LF_Q(1.0),Labour force population,I,ITA,Italy,LF,Labour force,PS,Persons,_Z,Not applicable,Y,Calendar and seasonally adjusted,_T,Total,Y15T64,From 15 to 64 years,_Z,Not applicable,Q,Quarterly,2022-Q3,,24399.13,,,,A,Normal value,3,Thousands,0,Zero
DATAFLOW,OECD.SDD.TPS:DSD_LFS@DF_IALFS_LF_Q(1.0),Labour force population,I,ITA,Italy,LF,Labour force,PS,Persons,_Z,Not applicable,Y,Calendar and seasonally adjusted,_T,Total,Y15T64,From 15 to 64 years,_Z,Not applicable,Q,Quarterly,2022-Q4,,24498.04,,,,A,Normal value,3,Thousands,0,Zero
DATAFLOW,OECD.SDD.TPS:DSD_LFS@DF_IALFS_LF_Q(1.0),Labour force population,I,ITA,Italy,LF,Labour force,PS,Persons,_Z,Not applicable,Y,Calendar and seasonally adjusted,_T,Total,Y15T64,From 15 to 64 years,_Z,Not applicable,Q,Quarterly,2023-Q1,,24690.14,,,,A,Normal value,3,Thousands,0,Zero
DATAFLOW,OECD.SDD.TPS:DSD_LFS@DF_IALFS_LF_Q(1.0),Labour force population,I,ITA,Italy,LF,Labour force,PS,Persons,_Z,Not applicable,Y,Calendar and seasonally adjusted,_T,Total,Y15T64,From 15 to 64 years,_Z,Not applicable,Q,Quarterly,2023-Q2,,24730.3,,,,A,Normal value,3,Thousands,0,Zero
DATAFLOW,OECD.SDD.TPS:DSD_LFS@DF_IALFS_LF_Q(1.0),Labour force population,I,ITA,Italy,LF,Labour force,PS,Persons,_Z,Not applicable,Y,Calendar and seasonally adjusted,_T,Total,Y15T64,From 15 to 64 years,_Z,Not applicable,Q,Quarterly,2023-Q3,,24731.96,,,,A,Normal value,3,Thousands,0,Zero
DATAFLOW,OECD.SDD.TPS:DSD_LFS@DF_IALFS_LF_Q(1.0),Labour force population,I,AUT,Austria,LF,Labour force,PS,Persons,_Z,Not applicable,Y,Calendar and seasonally adjusted,_T,Total,Y15T64,From 15 to 64 years,_Z,Not applicable,Q,Quarterly,2022-Q2,,4574.281,,,,A,Normal value,3,Thousands,0,Zero
DATAFLOW,OECD.SDD.TPS:DSD_LFS@DF_IALFS_LF_Q(1.0),Labour force population,I,AUT,Austria,LF,Labour force,PS,Persons,_Z,Not applicable,Y,Calendar and seasonally adjusted,_T,Total,Y15T64,From 15 to 64 years,_Z,Not applicable,Q,Quarterly,2022-Q3,,4583.863,,,,A,Normal value,3,Thousands,0,Zero
DATAFLOW,OECD.SDD.TPS:DSD_LFS@DF_IALFS_LF_Q(1.0),Labour force population,I,AUT,Austria,LF,Labour force,PS,Persons,_Z,Not applicable,Y,Calendar and seasonally adjusted,_T,Total,Y15T64,From 15 to 64 years,_Z,Not applicable,Q,Quarterly,2022-Q4,,4598.44,,,,A,Normal value,3,Thousands,0,Zero
DATAFLOW,OECD.SDD.TPS:DSD_LFS@DF_IALFS_LF_Q(1.0),Labour force population,I,AUT,Austria,LF,Labour force,PS,Persons,_Z,Not applicable,Y,Calendar and seasonally adjusted,_T,Total,Y15T64,From 15 to 64 years,_Z,Not applicable,Q,Quarterly,2023-Q1,,4610.155,,,,A,Normal value,3,Thousands,0,Zero
DATAFLOW,OECD.SDD.TPS:DSD_LFS@DF_IALFS_LF_Q(1.0),Labour force population,I,AUT,Austria,LF,Labour force,PS,Persons,_Z,Not applicable,Y,Calendar and seasonally adjusted,_T,Total,Y15T64,From 15 to 64 years,_Z,Not applicable,Q,Quarterly,2023-Q2,,4635.46,,,,A,Normal value,3,Thousands,0,Zero
DATAFLOW,OECD.SDD.TPS:DSD_LFS@DF_IALFS_LF_Q(1.0),Labour force population,I,AUT,Austria,LF,Labour force,PS,Persons,_Z,Not applicable,Y,Calendar and seasonally adjusted,_T,Total,Y15T64,From 15 to 64 years,_Z,Not applicable,Q,Quarterly,2023-Q3,,4646.958,,,,A,Normal value,3,Thousands,0,Zero
DATAFLOW,OECD.SDD.TPS:DSD_LFS@DF_IALFS_LF_Q(1.0),Labour force population,I,GRC,Greece,LF,Labour force,PS,Persons,_Z,Not applicable,Y,Calendar and seasonally adjusted,_T,Total,Y15T64,From 15 to 64 years,_Z,Not applicable,Q,Quarterly,2022-Q2,,4616.744,,,,A,Normal value,3,Thousands,0,Zero
DATAFLOW,OECD.SDD.TPS:DSD_LFS@DF_IALFS_LF_Q(1.0),Labour force population,I,GRC,Greece,LF,Labour force,PS,Persons,_Z,Not applicable,Y,Calendar and seasonally adjusted,_T,Total,Y15T64,From 15 to 64 years,_Z,Not applicable,Q,Quarterly,2022-Q3,,4595.722,,,,A,Normal value,3,Thousands,0,Zero
DATAFLOW,OECD.SDD.TPS:DSD_LFS@DF_IALFS_LF_Q(1.0),Labour force population,I,GRC,Greece,LF,Labour force,PS,Persons,_Z,Not applicable,Y,Calendar and seasonally adjusted,_T,Total,Y15T64,From 15 to 64 years,_Z,Not applicable,Q,Quarterly,2022-Q4,,4590.375,,,,A,Normal value,3,Thousands,0,Zero
DATAFLOW,OECD.SDD.TPS:DSD_LFS@DF_IALFS_LF_Q(1.0),Labour force population,I,GRC,Greece,LF,Labour force,PS,Persons,_Z,Not applicable,Y,Calendar and seasonally adjusted,_T,Total,Y15T64,From 15 to 64 years,_Z,Not applicable,Q,Quarterly,2023-Q1,,4597.092,,,,A,Normal value,3,Thousands,0,Zero
DATAFLOW,OECD.SDD.TPS:DSD_LFS@DF_IALFS_LF_Q(1.0),Labour force population,I,GRC,Greece,LF,Labour force,PS,Persons,_Z,Not applicable,Y,Calendar and seasonally adjusted,_T,Total,Y15T64,From 15 to 64 years,_Z,Not applicable,Q,Quarterly,2023-Q2,,4634.355,,,,A,Normal value,3,Thousands,0,Zero
DATAFLOW,OECD.SDD.TPS:DSD_LFS@DF_IALFS_LF_Q(1.0),Labour force population,I,GRC,Greece,LF,Labour force,PS,Persons,_Z,Not applicable,Y,Calendar and seasonally adjusted,_T,Total,Y15T64,From 15 to 64 years,_Z,Not applicable,Q,Quarterly,2023-Q3,,4583.667,,,,A,Normal value,3,Thousands,0,Zero
DATAFLOW,OECD.SDD.TPS:DSD_LFS@DF_IALFS_LF_Q(1.0),Labour force population,I,LVA,Latvia,LF,Labour force,PS,Persons,_Z,Not applicable,Y,Calendar and seasonally adjusted,_T,Total,Y15T64,From 15 to 64 years,_Z,Not applicable,Q,Quarterly,2022-Q2,,904.0687,,,,A,Normal value,3,Thousands,0,Zero
DATAFLOW,OECD.SDD.TPS:DSD_LFS@DF_IALFS_LF_Q(1.0),Labour force population,I,LVA,Latvia,LF,Labour force,PS,Persons,_Z,Not applicable,Y,Calendar and seasonally adjusted,_T,Total,Y15T64,From 15 to 64 years,_Z,Not applicable,Q,Quarterly,2022-Q3,,912.296,,,,A,Normal value,3,Thousands,0,Zero
DATAFLOW,OECD.SDD.TPS:DSD_LFS@DF_IALFS_LF_Q(1.0),Labour force population,I,LVA,Latvia,LF,Labour force,PS,Persons,_Z,Not applicable,Y,Calendar and seasonally adjusted,_T,Total,Y15T64,From 15 to 64 years,_Z,Not applicable,Q,Quarterly,2022-Q4,,906.0834,,,,A,Normal value,3,Thousands,0,Zero
DATAFLOW,OECD.SDD.TPS:DSD_LFS@DF_IALFS_LF_Q(1.0),Labour force population,I,LVA,Latvia,LF,Labour force,PS,Persons,_Z,Not applicable,Y,Calendar and seasonally adjusted,_T,Total,Y15T64,From 15 to 64 years,_Z,Not applicable,Q,Quarterly,2023-Q1,,892.1359,,,,A,Normal value,3,Thousands,0,Zero
DATAFLOW,OECD.SDD.TPS:DSD_LFS@DF_IALFS_LF_Q(1.0),Labour force population,I,LVA,Latvia,LF,Labour force,PS,Persons,_Z,Not applicable,Y,Calendar and seasonally adjusted,_T,Total,Y15T64,From 15 to 64 years,_Z,Not applicable,Q,Quarterly,2023-Q2,,898.2184,,,,A,Normal value,3,Thousands,0,Zero
DATAFLOW,OECD.SDD.TPS:DSD_LFS@DF_IALFS_LF_Q(1.0),Labour force population,I,LVA,Latvia,LF,Labour force,PS,Persons,_Z,Not applicable,Y,Calendar and seasonally adjusted,_T,Total,Y15T64,From 15 to 64 years,_Z,Not applicable,Q,Quarterly,2023-Q3,,895.3455,,,,A,Normal value,3,Thousands,0,Zero
DATAFLOW,OECD.SDD.TPS:DSD_LFS@DF_IALFS_LF_Q(1.0),Labour force population,I,ZAF,South Africa,LF,Labour force,PS,Persons,_Z,Not applicable,Y,Calendar and seasonally adjusted,_T,Total,Y15T64,From 15 to 64 years,_Z,Not applicable,Q,Quarterly,2022-Q2,,23700.32,,,,A,Normal value,3,Thousands,0,Zero
DATAFLOW,OECD.SDD.TPS:DSD_LFS@DF_IALFS_LF_Q(1.0),Labour force population,I,ZAF,South Africa,LF,Labour force,PS,Persons,_Z,Not applicable,Y,Calendar and seasonally adjusted,_T,Total,Y15T64,From 15 to 64 years,_Z,Not applicable,Q,Quarterly,2022-Q3,,23450.01,,,,A,Normal value,3,Thousands,0,Zero
DATAFLOW,OECD.SDD.TPS:DSD_LFS@DF_IALFS_LF_Q(1.0),Labour force population,I,ZAF,South Africa,LF,Labour force,PS,Persons,_Z,Not applicable,Y,Calendar and seasonally adjusted,_T,Total,Y15T64,From 15 to 64 years,_Z,Not applicable,Q,Quarterly,2022-Q4,,23682.18,,,,A,Normal value,3,Thousands,0,Zero
DATAFLOW,OECD.SDD.TPS:DSD_LFS@DF_IALFS_LF_Q(1.0),Labour force population,I,ZAF,South Africa,LF,Labour force,PS,Persons,_Z,Not applicable,Y,Calendar and seasonally adjusted,_T,Total,Y15T64,From 15 to 64 years,_Z,Not applicable,Q,Quarterly,2023-Q1,,24015.89,,,,A,Normal value,3,Thousands,0,Zero
DATAFLOW,OECD.SDD.TPS:DSD_LFS@DF_IALFS_LF_Q(1.0),Labour force population,I,ZAF,South Africa,LF,Labour force,PS,Persons,_Z,Not applicable,Y,Calendar and seasonally adjusted,_T,Total,Y15T64,From 15 to 64 years,_Z,Not applicable,Q,Quarterly,2023-Q2,,24364.53,,,,A,Normal value,3,Thousands,0,Zero
DATAFLOW,OECD.SDD.TPS:DSD_LFS@DF_IALFS_LF_Q(1.0),Labour force population,I,MEX,Mexico,LF,Labour force,PS,Persons,_Z,Not applicable,Y,Calendar and seasonally adjusted,_T,Total,Y15T64,From 15 to 64 years,_Z,Not applicable,Q,Quarterly,2022-Q2,,56184.76,,,,A,Normal value,3,Thousands,0,Zero
DATAFLOW,OECD.SDD.TPS:DSD_LFS@DF_IALFS_LF_Q(1.0),Labour force population,I,MEX,Mexico,LF,Labour force,PS,Persons,_Z,Not applicable,Y,Calendar and seasonally adjusted,_T,Total,Y15T64,From 15 to 64 years,_Z,Not applicable,Q,Quarterly,2022-Q3,,56096.38,,,,A,Normal value,3,Thousands,0,Zero
DATAFLOW,OECD.SDD.TPS:DSD_LFS@DF_IALFS_LF_Q(1.0),Labour force population,I,MEX,Mexico,LF,Labour force,PS,Persons,_Z,Not applicable,Y,Calendar and seasonally adjusted,_T,Total,Y15T64,From 15 to 64 years,_Z,Not applicable,Q,Quarterly,2022-Q4,,56607.16,,,,A,Normal value,3,Thousands,0,Zero
DATAFLOW,OECD.SDD.TPS:DSD_LFS@DF_IALFS_LF_Q(1.0),Labour force population,I,MEX,Mexico,LF,Labour force,PS,Persons,_Z,Not applicable,Y,Calendar and seasonally adjusted,_T,Total,Y15T64,From 15 to 64 years,_Z,Not applicable,Q,Quarterly,2023-Q1,,57326.77,,,,A,Normal value,3,Thousands,0,Zero
DATAFLOW,OECD.SDD.TPS:DSD_LFS@DF_IALFS_LF_Q(1.0),Labour force population,I,MEX,Mexico,LF,Labour force,PS,Persons,_Z,Not applicable,Y,Calendar and seasonally adjusted,_T,Total,Y15T64,From 15 to 64 years,_Z,Not applicable,Q,Quarterly,2023-Q2,,56805.93,,,,A,Normal value,3,Thousands,0,Zero
DATAFLOW,OECD.SDD.TPS:DSD_LFS@DF_IALFS_LF_Q(1.0),Labour force population,I,MEX,Mexico,LF,Labour force,PS,Persons,_Z,Not applicable,Y,Calendar and seasonally adjusted,_T,Total,Y15T64,From 15 to 64 years,_Z,Not applicable,Q,Quarterly,2023-Q3,,57227.32,,,,A,Normal value,3,Thousands,0,Zero
DATAFLOW,OECD.SDD.TPS:DSD_LFS@DF_IALFS_LF_Q(1.0),Labour force population,I,HUN,Hungary,LF,Labour force,PS,Persons,_Z,Not applicable,Y,Calendar and seasonally adjusted,_T,Total,Y15T64,From 15 to 64 years,_Z,Not applicable,Q,Quarterly,2022-Q2,,4743.541,,,,A,Normal value,3,Thousands,0,Zero
DATAFLOW,OECD.SDD.TPS:DSD_LFS@DF_IALFS_LF_Q(1.0),Labour force population,I,HUN,Hungary,LF,Labour force,PS,Persons,_Z,Not applicable,Y,Calendar and seasonally adjusted,_T,Total,Y15T64,From 15 to 64 years,_Z,Not applicable,Q,Quarterly,2022-Q3,,4759.384,,,,A,Normal value,3,Thousands,0,Zero
DATAFLOW,OECD.SDD.TPS:DSD_LFS@DF_IALFS_LF_Q(1.0),Labour force population,I,HUN,Hungary,LF,Labour force,PS,Persons,_Z,Not applicable,Y,Calendar and seasonally adjusted,_T,Total,Y15T64,From 15 to 64 years,_Z,Not applicable,Q,Quarterly,2022-Q4,,4773.802,,,,A,Normal value,3,Thousands,0,Zero
DATAFLOW,OECD.SDD.TPS:DSD_LFS@DF_IALFS_LF_Q(1.0),Labour force population,I,HUN,Hungary,LF,Labour force,PS,Persons,_Z,Not applicable,Y,Calendar and seasonally adjusted,_T,Total,Y15T64,From 15 to 64 years,_Z,Not applicable,Q,Quarterly,2023-Q1,,4793.235,,,,A,Normal value,3,Thousands,0,Zero
DATAFLOW,OECD.SDD.TPS:DSD_LFS@DF_IALFS_LF_Q(1.0),Labour force population,I,HUN,Hungary,LF,Labour force,PS,Persons,_Z,Not applicable,Y,Calendar and seasonally adjusted,_T,Total,Y15T64,From 15 to 64 years,_Z,Not applicable,Q,Quarterly,2023-Q2,,4798.172,,,,A,Normal value,3,Thousands,0,Zero
DATAFLOW,OECD.SDD.TPS:DSD_LFS@DF_IALFS_LF_Q(1.0),Labour force population,I,HUN,Hungary,LF,Labour force,PS,Persons,_Z,Not applicable,Y,Calendar and seasonally adjusted,_T,Total,Y15T64,From 15 to 64 years,_Z,Not applicable,Q,Quarterly,2023-Q3,,4794.182,,,,A,Normal value,3,Thousands,0,Zero
DATAFLOW,OECD.SDD.TPS:DSD_LFS@DF_IALFS_LF_Q(1.0),Labour force population,I,CHL,Chile,LF,Labour force,PS,Persons,_Z,Not applicable,Y,Calendar and seasonally adjusted,_T,Total,Y15T64,From 15 to 64 years,_Z,Not applicable,Q,Quarterly,2022-Q2,,9105.656,,,,A,Normal value,3,Thousands,0,Zero
DATAFLOW,OECD.SDD.TPS:DSD_LFS@DF_IALFS_LF_Q(1.0),Labour force population,I,CHL,Chile,LF,Labour force,PS,Persons,_Z,Not applicable,Y,Calendar and seasonally adjusted,_T,Total,Y15T64,From 15 to 64 years,_Z,Not applicable,Q,Quarterly,2022-Q3,,9145.642,,,,A,Normal value,3,Thousands,0,Zero
DATAFLOW,OECD.SDD.TPS:DSD_LFS@DF_IALFS_LF_Q(1.0),Labour force population,I,CHL,Chile,LF,Labour force,PS,Persons,_Z,Not applicable,Y,Calendar and seasonally adjusted,_T,Total,Y15T64,From 15 to 64 years,_Z,Not applicable,Q,Quarterly,2022-Q4,,9192.285,,,,A,Normal value,3,Thousands,0,Zero
DATAFLOW,OECD.SDD.TPS:DSD_LFS@DF_IALFS_LF_Q(1.0),Labour force population,I,CHL,Chile,LF,Labour force,PS,Persons,_Z,Not applicable,Y,Calendar and seasonally adjusted,_T,Total,Y15T64,From 15 to 64 years,_Z,Not applicable,Q,Quarterly,2023-Q1,,9287.733,,,,A,Normal value,3,Thousands,0,Zero
DATAFLOW,OECD.SDD.TPS:DSD_LFS@DF_IALFS_LF_Q(1.0),Labour force population,I,CHL,Chile,LF,Labour force,PS,Persons,_Z,Not applicable,Y,Calendar and seasonally adjusted,_T,Total,Y15T64,From 15 to 64 years,_Z,Not applicable,Q,Quarterly,2023-Q2,,9357.168,,,,A,Normal value,3,Thousands,0,Zero
DATAFLOW,OECD.SDD.TPS:DSD_LFS@DF_IALFS_LF_Q(1.0),Labour force population,I,CHL,Chile,LF,Labour force,PS,Persons,_Z,Not applicable,Y,Calendar and seasonally adjusted,_T,Total,Y15T64,From 15 to 64 years,_Z,Not applicable,Q,Quarterly,2023-Q3,,9371.322,,,,A,Normal value,3,Thousands,0,Zero
DATAFLOW,OECD.SDD.TPS:DSD_LFS@DF_IALFS_LF_Q(1.0),Labour force population,I,JPN,Japan,LF,Labour force,PS,Persons,_Z,Not applicable,Y,Calendar and seasonally adjusted,_T,Total,Y15T64,From 15 to 64 years,_Z,Not applicable,Q,Quarterly,2022-Q2,,59936.67,,,,A,Normal value,3,Thousands,0,Zero
DATAFLOW,OECD.SDD.TPS:DSD_LFS@DF_IALFS_LF_Q(1.0),Labour force population,I,JPN,Japan,LF,Labour force,PS,Persons,_Z,Not applicable,Y,Calendar and seasonally adjusted,_T,Total,Y15T64,From 15 to 64 years,_Z,Not applicable,Q,Quarterly,2022-Q3,,59840,,,,A,Normal value,3,Thousands,0,Zero
DATAFLOW,OECD.SDD.TPS:DSD_LFS@DF_IALFS_LF_Q(1.0),Labour force population,I,JPN,Japan,LF,Labour force,PS,Persons,_Z,Not applicable,Y,Calendar and seasonally adjusted,_T,Total,Y15T64,From 15 to 64 years,_Z,Not applicable,Q,Quarterly,2022-Q4,,59640,,,,A,Normal value,3,Thousands,0,Zero
DATAFLOW,OECD.SDD.TPS:DSD_LFS@DF_IALFS_LF_Q(1.0),Labour force population,I,JPN,Japan,LF,Labour force,PS,Persons,_Z,Not applicable,Y,Calendar and seasonally adjusted,_T,Total,Y15T64,From 15 to 64 years,_Z,Not applicable,Q,Quarterly,2023-Q1,,59566.67,,,,A,Normal value,3,Thousands,0,Zero
DATAFLOW,OECD.SDD.TPS:DSD_LFS@DF_IALFS_LF_Q(1.0),Labour force population,I,JPN,Japan,LF,Labour force,PS,Persons,_Z,Not applicable,Y,Calendar and seasonally adjusted,_T,Total,Y15T64,From 15 to 64 years,_Z,Not applicable,Q,Quarterly,2023-Q2,,60080,,,,A,Normal value,3,Thousands,0,Zero
DATAFLOW,OECD.SDD.TPS:DSD_LFS@DF_IALFS_LF_Q(1.0),Labour force population,I,JPN,Japan,LF,Labour force,PS,Persons,_Z,Not applicable,Y,Calendar and seasonally adjusted,_T,Total,Y15T64,From 15 to 64 years,_Z,Not applicable,Q,Quarterly,2023-Q3,,60143.33,,,,A,Normal value,3,Thousands,0,Zero
DATAFLOW,OECD.SDD.TPS:DSD_LFS@DF_IALFS_LF_Q(1.0),Labour force population,I,DNK,Denmark,LF,Labour force,PS,Persons,_Z,Not applicable,Y,Calendar and seasonally adjusted,_T,Total,Y15T64,From 15 to 64 years,_Z,Not applicable,Q,Quarterly,2022-Q2,,2987.135,,,,A,Normal value,3,Thousands,0,Zero
DATAFLOW,OECD.SDD.TPS:DSD_LFS@DF_IALFS_LF_Q(1.0),Labour force population,I,DNK,Denmark,LF,Labour force,PS,Persons,_Z,Not applicable,Y,Calendar and seasonally adjusted,_T,Total,Y15T64,From 15 to 64 years,_Z,Not applicable,Q,Quarterly,2022-Q3,,3017.502,,,,A,Normal value,3,Thousands,0,Zero
DATAFLOW,OECD.SDD.TPS:DSD_LFS@DF_IALFS_LF_Q(1.0),Labour force population,I,DNK,Denmark,LF,Labour force,PS,Persons,_Z,Not applicable,Y,Calendar and seasonally adjusted,_T,Total,Y15T64,From 15 to 64 years,_Z,Not applicable,Q,Quarterly,2022-Q4,,3012.911,,,,A,Normal value,3,Thousands,0,Zero
DATAFLOW,OECD.SDD.TPS:DSD_LFS@DF_IALFS_LF_Q(1.0),Labour force population,I,DNK,Denmark,LF,Labour force,PS,Persons,_Z,Not applicable,Y,Calendar and seasonally adjusted,_T,Total,Y15T64,From 15 to 64 years,_Z,Not applicable,Q,Quarterly,2023-Q1,,3047.001,,,,A,Normal value,3,Thousands,0,Zero
DATAFLOW,OECD.SDD.TPS:DSD_LFS@DF_IALFS_LF_Q(1.0),Labour force population,I,DNK,Denmark,LF,Labour force,PS,Persons,_Z,Not applicable,Y,Calendar and seasonally adjusted,_T,Total,Y15T64,From 15 to 64 years,_Z,Not applicable,Q,Quarterly,2023-Q2,,3021.396,,,,A,Normal value,3,Thousands,0,Zero
DATAFLOW,OECD.SDD.TPS:DSD_LFS@DF_IALFS_LF_Q(1.0),Labour force population,I,DNK,Denmark,LF,Labour force,PS,Persons,_Z,Not applicable,Y,Calendar and seasonally adjusted,_T,Total,Y15T64,From 15 to 64 years,_Z,Not applicable,Q,Quarterly,2023-Q3,,3020.945,,,,A,Normal value,3,Thousands,0,Zero
DATAFLOW,OECD.SDD.TPS:DSD_LFS@DF_IALFS_LF_Q(1.0),Labour force population,I,SVK,Slovak Republic,LF,Labour force,PS,Persons,_Z,Not applicable,Y,Calendar and seasonally adjusted,_T,Total,Y15T64,From 15 to 64 years,_Z,Not applicable,Q,Quarterly,2022-Q2,,2739.677,,,,A,Normal value,3,Thousands,0,Zero
DATAFLOW,OECD.SDD.TPS:DSD_LFS@DF_IALFS_LF_Q(1.0),Labour force population,I,SVK,Slovak Republic,LF,Labour force,PS,Persons,_Z,Not applicable,Y,Calendar and seasonally adjusted,_T,Total,Y15T64,From 15 to 64 years,_Z,Not applicable,Q,Quarterly,2022-Q3,,2723.517,,,,A,Normal value,3,Thousands,0,Zero
DATAFLOW,OECD.SDD.TPS:DSD_LFS@DF_IALFS_LF_Q(1.0),Labour force population,I,SVK,Slovak Republic,LF,Labour force,PS,Persons,_Z,Not applicable,Y,Calendar and seasonally adjusted,_T,Total,Y15T64,From 15 to 64 years,_Z,Not applicable,Q,Quarterly,2022-Q4,,2732.159,,,,A,Normal value,3,Thousands,0,Zero
DATAFLOW,OECD.SDD.TPS:DSD_LFS@DF_IALFS_LF_Q(1.0),Labour force population,I,SVK,Slovak Republic,LF,Labour force,PS,Persons,_Z,Not applicable,Y,Calendar and seasonally adjusted,_T,Total,Y15T64,From 15 to 64 years,_Z,Not applicable,Q,Quarterly,2023-Q1,,2715.256,,,,A,Normal value,3,Thousands,0,Zero
DATAFLOW,OECD.SDD.TPS:DSD_LFS@DF_IALFS_LF_Q(1.0),Labour force population,I,SVK,Slovak Republic,LF,Labour force,PS,Persons,_Z,Not applicable,Y,Calendar and seasonally adjusted,_T,Total,Y15T64,From 15 to 64 years,_Z,Not applicable,Q,Quarterly,2023-Q2,,2722.062,,,,A,Normal value,3,Thousands,0,Zero
DATAFLOW,OECD.SDD.TPS:DSD_LFS@DF_IALFS_LF_Q(1.0),Labour force population,I,SVK,Slovak Republic,LF,Labour force,PS,Persons,_Z,Not applicable,Y,Calendar and seasonally adjusted,_T,Total,Y15T64,From 15 to 64 years,_Z,Not applicable,Q,Quarterly,2023-Q3,,2712.754,,,,A,Normal value,3,Thousands,0,Zero
DATAFLOW,OECD.SDD.TPS:DSD_LFS@DF_IALFS_LF_Q(1.0),Labour force population,I,KOR,Korea,LF,Labour force,PS,Persons,_Z,Not applicable,Y,Calendar and seasonally adjusted,_T,Total,Y15T64,From 15 to 64 years,_Z,Not applicable,Q,Quarterly,2022-Q2,,25614.58,,,,A,Normal value,3,Thousands,0,Zero
DATAFLOW,OECD.SDD.TPS:DSD_LFS@DF_IALFS_LF_Q(1.0),Labour force population,I,KOR,Korea,LF,Labour force,PS,Persons,_Z,Not applicable,Y,Calendar and seasonally adjusted,_T,Total,Y15T64,From 15 to 64 years,_Z,Not applicable,Q,Quarterly,2022-Q3,,25589.07,,,,A,Normal value,3,Thousands,0,Zero
DATAFLOW,OECD.SDD.TPS:DSD_LFS@DF_IALFS_LF_Q(1.0),Labour force population,I,KOR,Korea,LF,Labour force,PS,Persons,_Z,Not applicable,Y,Calendar and seasonally adjusted,_T,Total,Y15T64,From 15 to 64 years,_Z,Not applicable,Q,Quarterly,2022-Q4,,25538.14,,,,A,Normal value,3,Thousands,0,Zero
DATAFLOW,OECD.SDD.TPS:DSD_LFS@DF_IALFS_LF_Q(1.0),Labour force population,I,KOR,Korea,LF,Labour force,PS,Persons,_Z,Not applicable,Y,Calendar and seasonally adjusted,_T,Total,Y15T64,From 15 to 64 years,_Z,Not applicable,Q,Quarterly,2023-Q1,,25542.75,,,,A,Normal value,3,Thousands,0,Zero
DATAFLOW,OECD.SDD.TPS:DSD_LFS@DF_IALFS_LF_Q(1.0),Labour force population,I,KOR,Korea,LF,Labour force,PS,Persons,_Z,Not applicable,Y,Calendar and seasonally adjusted,_T,Total,Y15T64,From 15 to 64 years,_Z,Not applicable,Q,Quarterly,2023-Q2,,25598.47,,,,A,Normal value,3,Thousands,0,Zero
DATAFLOW,OECD.SDD.TPS:DSD_LFS@DF_IALFS_LF_Q(1.0),Labour force population,I,KOR,Korea,LF,Labour force,PS,Persons,_Z,Not applicable,Y,Calendar and seasonally adjusted,_T,Total,Y15T64,From 15 to 64 years,_Z,Not applicable,Q,Quarterly,2023-Q3,,25579,,,,A,Normal value,3,Thousands,0,Zero
DATAFLOW,OECD.SDD.TPS:DSD_LFS@DF_IALFS_LF_Q(1.0),Labour force population,I,GBR,United Kingdom,LF,Labour force,PS,Persons,_Z,Not applicable,Y,Calendar and seasonally adjusted,_T,Total,Y15T64,From 15 to 64 years,_Z,Not applicable,Q,Quarterly,2022-Q2,,32588,,,,A,Normal value,3,Thousands,0,Zero
DATAFLOW,OECD.SDD.TPS:DSD_LFS@DF_IALFS_LF_Q(1.0),Labour force population,I,GBR,United Kingdom,LF,Labour force,PS,Persons,_Z,Not applicable,Y,Calendar and seasonally adjusted,_T,Total,Y15T64,From 15 to 64 years,_Z,Not applicable,Q,Quarterly,2022-Q3,,32581,,,,A,Normal value,3,Thousands,0,Zero
DATAFLOW,OECD.SDD.TPS:DSD_LFS@DF_IALFS_LF_Q(1.0),Labour force population,I,GBR,United Kingdom,LF,Labour force,PS,Persons,_Z,Not applicable,Y,Calendar and seasonally adjusted,_T,Total,Y15T64,From 15 to 64 years,_Z,Not applicable,Q,Quarterly,2022-Q4,,32680,,,,A,Normal value,3,Thousands,0,Zero
DATAFLOW,OECD.SDD.TPS:DSD_LFS@DF_IALFS_LF_Q(1.0),Labour force population,I,GBR,United Kingdom,LF,Labour force,PS,Persons,_Z,Not applicable,Y,Calendar and seasonally adjusted,_T,Total,Y15T64,From 15 to 64 years,_Z,Not applicable,Q,Quarterly,2023-Q1,,32853,,,,A,Normal value,3,Thousands,0,Zero
DATAFLOW,OECD.SDD.TPS:DSD_LFS@DF_IALFS_LF_Q(1.0),Labour force population,I,GBR,United Kingdom,LF,Labour force,PS,Persons,_Z,Not applicable,Y,Calendar and seasonally adjusted,_T,Total,Y15T64,From 15 to 64 years,_Z,Not applicable,Q,Quarterly,2023-Q2,,32935,,,,A,Normal value,3,Thousands,0,Zero
DATAFLOW,OECD.SDD.TPS:DSD_LFS@DF_IALFS_LF_Q(1.0),Labour force population,I,NLD,Netherlands,LF,Labour force,PS,Persons,_Z,Not applicable,Y,Calendar and seasonally adjusted,_T,Total,Y15T64,From 15 to 64 years,_Z,Not applicable,Q,Quarterly,2022-Q2,,9550.291,,,,A,Normal value,3,Thousands,0,Zero
DATAFLOW,OECD.SDD.TPS:DSD_LFS@DF_IALFS_LF_Q(1.0),Labour force population,I,NLD,Netherlands,LF,Labour force,PS,Persons,_Z,Not applicable,Y,Calendar and seasonally adjusted,_T,Total,Y15T64,From 15 to 64 years,_Z,Not applicable,Q,Quarterly,2022-Q3,,9589.638,,,,A,Normal value,3,Thousands,0,Zero
DATAFLOW,OECD.SDD.TPS:DSD_LFS@DF_IALFS_LF_Q(1.0),Labour force population,I,NLD,Netherlands,LF,Labour force,PS,Persons,_Z,Not applicable,Y,Calendar and seasonally adjusted,_T,Total,Y15T64,From 15 to 64 years,_Z,Not applicable,Q,Quarterly,2022-Q4,,9654.357,,,,A,Normal value,3,Thousands,0,Zero
DATAFLOW,OECD.SDD.TPS:DSD_LFS@DF_IALFS_LF_Q(1.0),Labour force population,I,NLD,Netherlands,LF,Labour force,PS,Persons,_Z,Not applicable,Y,Calendar and seasonally adjusted,_T,Total,Y15T64,From 15 to 64 years,_Z,Not applicable,Q,Quarterly,2023-Q1,,9711.555,,,,A,Normal value,3,Thousands,0,Zero
DATAFLOW,OECD.SDD.TPS:DSD_LFS@DF_IALFS_LF_Q(1.0),Labour force population,I,NLD,Netherlands,LF,Labour force,PS,Persons,_Z,Not applicable,Y,Calendar and seasonally adjusted,_T,Total,Y15T64,From 15 to 64 years,_Z,Not applicable,Q,Quarterly,2023-Q2,,9725.573,,,,A,Normal value,3,Thousands,0,Zero
DATAFLOW,OECD.SDD.TPS:DSD_LFS@DF_IALFS_LF_Q(1.0),Labour force population,I,NLD,Netherlands,LF,Labour force,PS,Persons,_Z,Not applicable,Y,Calendar and seasonally adjusted,_T,Total,Y15T64,From 15 to 64 years,_Z,Not applicable,Q,Quarterly,2023-Q3,,9739.171,,,,A,Normal value,3,Thousands,0,Zero
DATAFLOW,OECD.SDD.TPS:DSD_LFS@DF_IALFS_LF_Q(1.0),Labour force population,I,SVN,Slovenia,LF,Labour force,PS,Persons,_Z,Not applicable,Y,Calendar and seasonally adjusted,_T,Total,Y15T64,From 15 to 64 years,_Z,Not applicable,Q,Quarterly,2022-Q2,,1005.67,,,,A,Normal value,3,Thousands,0,Zero
DATAFLOW,OECD.SDD.TPS:DSD_LFS@DF_IALFS_LF_Q(1.0),Labour force population,I,SVN,Slovenia,LF,Labour force,PS,Persons,_Z,Not applicable,Y,Calendar and seasonally adjusted,_T,Total,Y15T64,From 15 to 64 years,_Z,Not applicable,Q,Quarterly,2022-Q3,,1007.56,,,,A,Normal value,3,Thousands,0,Zero
DATAFLOW,OECD.SDD.TPS:DSD_LFS@DF_IALFS_LF_Q(1.0),Labour force population,I,SVN,Slovenia,LF,Labour force,PS,Persons,_Z,Not applicable,Y,Calendar and seasonally adjusted,_T,Total,Y15T64,From 15 to 64 years,_Z,Not applicable,Q,Quarterly,2022-Q4,,999.6606,,,,A,Normal value,3,Thousands,0,Zero
DATAFLOW,OECD.SDD.TPS:DSD_LFS@DF_IALFS_LF_Q(1.0),Labour force population,I,SVN,Slovenia,LF,Labour force,PS,Persons,_Z,Not applicable,Y,Calendar and seasonally adjusted,_T,Total,Y15T64,From 15 to 64 years,_Z,Not applicable,Q,Quarterly,2023-Q1,,1002.388,,,,A,Normal value,3,Thousands,0,Zero
DATAFLOW,OECD.SDD.TPS:DSD_LFS@DF_IALFS_LF_Q(1.0),Labour force population,I,SVN,Slovenia,LF,Labour force,PS,Persons,_Z,Not applicable,Y,Calendar and seasonally adjusted,_T,Total,Y15T64,From 15 to 64 years,_Z,Not applicable,Q,Quarterly,2023-Q2,,1007.382,,,,A,Normal value,3,Thousands,0,Zero
DATAFLOW,OECD.SDD.TPS:DSD_LFS@DF_IALFS_LF_Q(1.0),Labour force population,I,SVN,Slovenia,LF,Labour force,PS,Persons,_Z,Not applicable,Y,Calendar and seasonally adjusted,_T,Total,Y15T64,From 15 to 64 years,_Z,Not applicable,Q,Quarterly,2023-Q3,,1001.202,,,,A,Normal value,3,Thousands,0,Zero
DATAFLOW,OECD.SDD.TPS:DSD_LFS@DF_IALFS_LF_Q(1.0),Labour force population,I,CAN,Canada,LF,Labour force,PS,Persons,_Z,Not applicable,Y,Calendar and seasonally adjusted,_T,Total,Y15T64,From 15 to 64 years,_Z,Not applicable,Q,Quarterly,2022-Q2,,19775.1,,,,A,Normal value,3,Thousands,0,Zero
DATAFLOW,OECD.SDD.TPS:DSD_LFS@DF_IALFS_LF_Q(1.0),Labour force population,I,CAN,Canada,LF,Labour force,PS,Persons,_Z,Not applicable,Y,Calendar and seasonally adjusted,_T,Total,Y15T64,From 15 to 64 years,_Z,Not applicable,Q,Quarterly,2022-Q3,,19723.77,,,,A,Normal value,3,Thousands,0,Zero
DATAFLOW,OECD.SDD.TPS:DSD_LFS@DF_IALFS_LF_Q(1.0),Labour force population,I,CAN,Canada,LF,Labour force,PS,Persons,_Z,Not applicable,Y,Calendar and seasonally adjusted,_T,Total,Y15T64,From 15 to 64 years,_Z,Not applicable,Q,Quarterly,2022-Q4,,19864,,,,A,Normal value,3,Thousands,0,Zero
DATAFLOW,OECD.SDD.TPS:DSD_LFS@DF_IALFS_LF_Q(1.0),Labour force population,I,CAN,Canada,LF,Labour force,PS,Persons,_Z,Not applicable,Y,Calendar and seasonally adjusted,_T,Total,Y15T64,From 15 to 64 years,_Z,Not applicable,Q,Quarterly,2023-Q1,,20041.73,,,,A,Normal value,3,Thousands,0,Zero
DATAFLOW,OECD.SDD.TPS:DSD_LFS@DF_IALFS_LF_Q(1.0),Labour force population,I,CAN,Canada,LF,Labour force,PS,Persons,_Z,Not applicable,Y,Calendar and seasonally adjusted,_T,Total,Y15T64,From 15 to 64 years,_Z,Not applicable,Q,Quarterly,2023-Q2,,20167.6,,,,A,Normal value,3,Thousands,0,Zero
DATAFLOW,OECD.SDD.TPS:DSD_LFS@DF_IALFS_LF_Q(1.0),Labour force population,I,CAN,Canada,LF,Labour force,PS,Persons,_Z,Not applicable,Y,Calendar and seasonally adjusted,_T,Total,Y15T64,From 15 to 64 years,_Z,Not applicable,Q,Quarterly,2023-Q3,,20276.8,,,,A,Normal value,3,Thousands,0,Zero
DATAFLOW,OECD.SDD.TPS:DSD_LFS@DF_IALFS_LF_Q(1.0),Labour force population,I,NOR,Norway,LF,Labour force,PS,Persons,_Z,Not applicable,Y,Calendar and seasonally adjusted,_T,Total,Y15T64,From 15 to 64 years,_Z,Not applicable,Q,Quarterly,2022-Q2,,2830.178,,,,A,Normal value,3,Thousands,0,Zero
DATAFLOW,OECD.SDD.TPS:DSD_LFS@DF_IALFS_LF_Q(1.0),Labour force population,I,NOR,Norway,LF,Labour force,PS,Persons,_Z,Not applicable,Y,Calendar and seasonally adjusted,_T,Total,Y15T64,From 15 to 64 years,_Z,Not applicable,Q,Quarterly,2022-Q3,,2820.624,,,,A,Normal value,3,Thousands,0,Zero
DATAFLOW,OECD.SDD.TPS:DSD_LFS@DF_IALFS_LF_Q(1.0),Labour force population,I,NOR,Norway,LF,Labour force,PS,Persons,_Z,Not applicable,Y,Calendar and seasonally adjusted,_T,Total,Y15T64,From 15 to 64 years,_Z,Not applicable,Q,Quarterly,2022-Q4,,2827.013,,,,A,Normal value,3,Thousands,0,Zero
DATAFLOW,OECD.SDD.TPS:DSD_LFS@DF_IALFS_LF_Q(1.0),Labour force population,I,NOR,Norway,LF,Labour force,PS,Persons,_Z,Not applicable,Y,Calendar and seasonally adjusted,_T,Total,Y15T64,From 15 to 64 years,_Z,Not applicable,Q,Quarterly,2023-Q1,,2845.601,,,,A,Normal value,3,Thousands,0,Zero
DATAFLOW,OECD.SDD.TPS:DSD_LFS@DF_IALFS_LF_Q(1.0),Labour force population,I,NOR,Norway,LF,Labour force,PS,Persons,_Z,Not applicable,Y,Calendar and seasonally adjusted,_T,Total,Y15T64,From 15 to 64 years,_Z,Not applicable,Q,Quarterly,2023-Q2,,2853.371,,,,A,Normal value,3,Thousands,0,Zero
DATAFLOW,OECD.SDD.TPS:DSD_LFS@DF_IALFS_LF_Q(1.0),Labour force population,I,NOR,Norway,LF,Labour force,PS,Persons,_Z,Not applicable,Y,Calendar and seasonally adjusted,_T,Total,Y15T64,From 15 to 64 years,_Z,Not applicable,Q,Quarterly,2023-Q3,,2865.438,,,,A,Normal value,3,Thousands,0,Zero
DATAFLOW,OECD.SDD.TPS:DSD_LFS@DF_IALFS_LF_Q(1.0),Labour force population,I,DEU,Germany,LF,Labour force,PS,Persons,_Z,Not applicable,Y,Calendar and seasonally adjusted,_T,Total,Y15T64,From 15 to 64 years,_Z,Not applicable,Q,Quarterly,2022-Q2,,42389.75,,,,E,Estimated value,3,Thousands,0,Zero
DATAFLOW,OECD.SDD.TPS:DSD_LFS@DF_IALFS_LF_Q(1.0),Labour force population,I,DEU,Germany,LF,Labour force,PS,Persons,_Z,Not applicable,Y,Calendar and seasonally adjusted,_T,Total,Y15T64,From 15 to 64 years,_Z,Not applicable,Q,Quarterly,2022-Q3,,42449.5,,,,E,Estimated value,3,Thousands,0,Zero
DATAFLOW,OECD.SDD.TPS:DSD_LFS@DF_IALFS_LF_Q(1.0),Labour force population,I,DEU,Germany,LF,Labour force,PS,Persons,_Z,Not applicable,Y,Calendar and seasonally adjusted,_T,Total,Y15T64,From 15 to 64 years,_Z,Not applicable,Q,Quarterly,2022-Q4,,42625.36,,,,E,Estimated value,3,Thousands,0,Zero
DATAFLOW,OECD.SDD.TPS:DSD_LFS@DF_IALFS_LF_Q(1.0),Labour force population,I,DEU,Germany,LF,Labour force,PS,Persons,_Z,Not applicable,Y,Calendar and seasonally adjusted,_T,Total,Y15T64,From 15 to 64 years,_Z,Not applicable,Q,Quarterly,2023-Q1,,42890.98,,,,E,Estimated value,3,Thousands,0,Zero
DATAFLOW,OECD.SDD.TPS:DSD_LFS@DF_IALFS_LF_Q(1.0),Labour force population,I,DEU,Germany,LF,Labour force,PS,Persons,_Z,Not applicable,Y,Calendar and seasonally adjusted,_T,Total,Y15T64,From 15 to 64 years,_Z,Not applicable,Q,Quarterly,2023-Q2,,42753.5,,,,E,Estimated value,3,Thousands,0,Zero
DATAFLOW,OECD.SDD.TPS:DSD_LFS@DF_IALFS_LF_Q(1.0),Labour force population,I,DEU,Germany,LF,Labour force,PS,Persons,_Z,Not applicable,Y,Calendar and seasonally adjusted,_T,Total,Y15T64,From 15 to 64 years,_Z,Not applicable,Q,Quarterly,2023-Q3,,42707.66,,,,E,Estimated value,3,Thousands,0,Zero
DATAFLOW,OECD.SDD.TPS:DSD_LFS@DF_IALFS_LF_Q(1.0),Labour force population,I,LTU,Lithuania,LF,Labour force,PS,Persons,_Z,Not applicable,Y,Calendar and seasonally adjusted,_T,Total,Y15T64,From 15 to 64 years,_Z,Not applicable,Q,Quarterly,2022-Q2,,1444.851,,,,A,Normal value,3,Thousands,0,Zero
DATAFLOW,OECD.SDD.TPS:DSD_LFS@DF_IALFS_LF_Q(1.0),Labour force population,I,LTU,Lithuania,LF,Labour force,PS,Persons,_Z,Not applicable,Y,Calendar and seasonally adjusted,_T,Total,Y15T64,From 15 to 64 years,_Z,Not applicable,Q,Quarterly,2022-Q3,,1459.288,,,,A,Normal value,3,Thousands,0,Zero
DATAFLOW,OECD.SDD.TPS:DSD_LFS@DF_IALFS_LF_Q(1.0),Labour force population,I,LTU,Lithuania,LF,Labour force,PS,Persons,_Z,Not applicable,Y,Calendar and seasonally adjusted,_T,Total,Y15T64,From 15 to 64 years,_Z,Not applicable,Q,Quarterly,2022-Q4,,1446.354,,,,A,Normal value,3,Thousands,0,Zero
DATAFLOW,OECD.SDD.TPS:DSD_LFS@DF_IALFS_LF_Q(1.0),Labour force population,I,LTU,Lithuania,LF,Labour force,PS,Persons,_Z,Not applicable,Y,Calendar and seasonally adjusted,_T,Total,Y15T64,From 15 to 64 years,_Z,Not applicable,Q,Quarterly,2023-Q1,,1461.039,,,,A,Normal value,3,Thousands,0,Zero
DATAFLOW,OECD.SDD.TPS:DSD_LFS@DF_IALFS_LF_Q(1.0),Labour force population,I,LTU,Lithuania,LF,Labour force,PS,Persons,_Z,Not applicable,Y,Calendar and seasonally adjusted,_T,Total,Y15T64,From 15 to 64 years,_Z,Not applicable,Q,Quarterly,2023-Q2,,1460.78,,,,A,Normal value,3,Thousands,0,Zero
DATAFLOW,OECD.SDD.TPS:DSD_LFS@DF_IALFS_LF_Q(1.0),Labour force population,I,LTU,Lithuania,LF,Labour force,PS,Persons,_Z,Not applicable,Y,Calendar and seasonally adjusted,_T,Total,Y15T64,From 15 to 64 years,_Z,Not applicable,Q,Quarterly,2023-Q3,,1470.792,,,,A,Normal value,3,Thousands,0,Zero
DATAFLOW,OECD.SDD.TPS:DSD_LFS@DF_IALFS_LF_Q(1.0),Labour force population,I,ESP,Spain,LF,Labour force,PS,Persons,_Z,Not applicable,Y,Calendar and seasonally adjusted,_T,Total,Y15T64,From 15 to 64 years,_Z,Not applicable,Q,Quarterly,2022-Q2,,23029.03,,,,A,Normal value,3,Thousands,0,Zero
DATAFLOW,OECD.SDD.TPS:DSD_LFS@DF_IALFS_LF_Q(1.0),Labour force population,I,ESP,Spain,LF,Labour force,PS,Persons,_Z,Not applicable,Y,Calendar and seasonally adjusted,_T,Total,Y15T64,From 15 to 64 years,_Z,Not applicable,Q,Quarterly,2022-Q3,,23065.27,,,,A,Normal value,3,Thousands,0,Zero
DATAFLOW,OECD.SDD.TPS:DSD_LFS@DF_IALFS_LF_Q(1.0),Labour force population,I,ESP,Spain,LF,Labour force,PS,Persons,_Z,Not applicable,Y,Calendar and seasonally adjusted,_T,Total,Y15T64,From 15 to 64 years,_Z,Not applicable,Q,Quarterly,2022-Q4,,23198.6,,,,A,Normal value,3,Thousands,0,Zero
DATAFLOW,OECD.SDD.TPS:DSD_LFS@DF_IALFS_LF_Q(1.0),Labour force population,I,ESP,Spain,LF,Labour force,PS,Persons,_Z,Not applicable,Y,Calendar and seasonally adjusted,_T,Total,Y15T64,From 15 to 64 years,_Z,Not applicable,Q,Quarterly,2023-Q1,,23340.04,,,,A,Normal value,3,Thousands,0,Zero
DATAFLOW,OECD.SDD.TPS:DSD_LFS@DF_IALFS_LF_Q(1.0),Labour force population,I,ESP,Spain,LF,Labour force,PS,Persons,_Z,Not applicable,Y,Calendar and seasonally adjusted,_T,Total,Y15T64,From 15 to 64 years,_Z,Not applicable,Q,Quarterly,2023-Q2,,23396.88,,,,A,Normal value,3,Thousands,0,Zero
DATAFLOW,OECD.SDD.TPS:DSD_LFS@DF_IALFS_LF_Q(1.0),Labour force population,I,ESP,Spain,LF,Labour force,PS,Persons,_Z,Not applicable,Y,Calendar and seasonally adjusted,_T,Total,Y15T64,From 15 to 64 years,_Z,Not applicable,Q,Quarterly,2023-Q3,,23599.9,,,,A,Normal value,3,Thousands,0,Zero
DATAFLOW,OECD.SDD.TPS:DSD_LFS@DF_IALFS_LF_Q(1.0),Labour force population,I,OECD,OECD,LF,Labour force,PS,Persons,_Z,Not applicable,Y,Calendar and seasonally adjusted,_T,Total,Y15T64,From 15 to 64 years,_Z,Not applicable,Q,Quarterly,2022-Q2,,640473.9,,,,E,Estimated value,3,Thousands,0,Zero
DATAFLOW,OECD.SDD.TPS:DSD_LFS@DF_IALFS_LF_Q(1.0),Labour force population,I,OECD,OECD,LF,Labour force,PS,Persons,_Z,Not applicable,Y,Calendar and seasonally adjusted,_T,Total,Y15T64,From 15 to 64 years,_Z,Not applicable,Q,Quarterly,2022-Q3,,640564.9,,,,E,Estimated value,3,Thousands,0,Zero
DATAFLOW,OECD.SDD.TPS:DSD_LFS@DF_IALFS_LF_Q(1.0),Labour force population,I,OECD,OECD,LF,Labour force,PS,Persons,_Z,Not applicable,Y,Calendar and seasonally adjusted,_T,Total,Y15T64,From 15 to 64 years,_Z,Not applicable,Q,Quarterly,2022-Q4,,642338.1,,,,E,Estimated value,3,Thousands,0,Zero
DATAFLOW,OECD.SDD.TPS:DSD_LFS@DF_IALFS_LF_Q(1.0),Labour force population,I,OECD,OECD,LF,Labour force,PS,Persons,_Z,Not applicable,Y,Calendar and seasonally adjusted,_T,Total,Y15T64,From 15 to 64 years,_Z,Not applicable,Q,Quarterly,2023-Q1,,646213.4,,,,E,Estimated value,3,Thousands,0,Zero
DATAFLOW,OECD.SDD.TPS:DSD_LFS@DF_IALFS_LF_Q(1.0),Labour force population,I,OECD,OECD,LF,Labour force,PS,Persons,_Z,Not applicable,Y,Calendar and seasonally adjusted,_T,Total,Y15T64,From 15 to 64 years,_Z,Not applicable,Q,Quarterly,2023-Q2,,648083.6,,,,E,Estimated value,3,Thousands,0,Zero
DATAFLOW,OECD.SDD.TPS:DSD_LFS@DF_IALFS_LF_Q(1.0),Labour force population,I,COL,Colombia,LF,Labour force,PS,Persons,_Z,Not applicable,Y,Calendar and seasonally adjusted,_T,Total,Y15T64,From 15 to 64 years,_Z,Not applicable,Q,Quarterly,2022-Q2,,23881.79,,,,A,Normal value,3,Thousands,0,Zero
DATAFLOW,OECD.SDD.TPS:DSD_LFS@DF_IALFS_LF_Q(1.0),Labour force population,I,COL,Colombia,LF,Labour force,PS,Persons,_Z,Not applicable,Y,Calendar and seasonally adjusted,_T,Total,Y15T64,From 15 to 64 years,_Z,Not applicable,Q,Quarterly,2022-Q3,,23702.04,,,,A,Normal value,3,Thousands,0,Zero
DATAFLOW,OECD.SDD.TPS:DSD_LFS@DF_IALFS_LF_Q(1.0),Labour force population,I,COL,Colombia,LF,Labour force,PS,Persons,_Z,Not applicable,Y,Calendar and seasonally adjusted,_T,Total,Y15T64,From 15 to 64 years,_Z,Not applicable,Q,Quarterly,2022-Q4,,23441.79,,,,A,Normal value,3,Thousands,0,Zero
DATAFLOW,OECD.SDD.TPS:DSD_LFS@DF_IALFS_LF_Q(1.0),Labour force population,I,COL,Colombia,LF,Labour force,PS,Persons,_Z,Not applicable,Y,Calendar and seasonally adjusted,_T,Total,Y15T64,From 15 to 64 years,_Z,Not applicable,Q,Quarterly,2023-Q1,,23804.83,,,,A,Normal value,3,Thousands,0,Zero
DATAFLOW,OECD.SDD.TPS:DSD_LFS@DF_IALFS_LF_Q(1.0),Labour force population,I,COL,Colombia,LF,Labour force,PS,Persons,_Z,Not applicable,Y,Calendar and seasonally adjusted,_T,Total,Y15T64,From 15 to 64 years,_Z,Not applicable,Q,Quarterly,2023-Q2,,24365.13,,,,A,Normal value,3,Thousands,0,Zero
DATAFLOW,OECD.SDD.TPS:DSD_LFS@DF_IALFS_LF_Q(1.0),Labour force population,I,COL,Colombia,LF,Labour force,PS,Persons,_Z,Not applicable,Y,Calendar and seasonally adjusted,_T,Total,Y15T64,From 15 to 64 years,_Z,Not applicable,Q,Quarterly,2023-Q3,,24206.38,,,,A,Normal value,3,Thousands,0,Zero
DATAFLOW,OECD.SDD.TPS:DSD_LFS@DF_IALFS_LF_Q(1.0),Labour force population,I,ISL,Iceland,LF,Labour force,PS,Persons,_Z,Not applicable,Y,Calendar and seasonally adjusted,_T,Total,Y15T64,From 15 to 64 years,_Z,Not applicable,Q,Quarterly,2022-Q2,,205.541,,,,A,Normal value,3,Thousands,0,Zero
DATAFLOW,OECD.SDD.TPS:DSD_LFS@DF_IALFS_LF_Q(1.0),Labour force population,I,ISL,Iceland,LF,Labour force,PS,Persons,_Z,Not applicable,Y,Calendar and seasonally adjusted,_T,Total,Y15T64,From 15 to 64 years,_Z,Not applicable,Q,Quarterly,2022-Q3,,206.1283,,,,A,Normal value,3,Thousands,0,Zero
DATAFLOW,OECD.SDD.TPS:DSD_LFS@DF_IALFS_LF_Q(1.0),Labour force population,I,ISL,Iceland,LF,Labour force,PS,Persons,_Z,Not applicable,Y,Calendar and seasonally adjusted,_T,Total,Y15T64,From 15 to 64 years,_Z,Not applicable,Q,Quarterly,2022-Q4,,211.6433,,,,A,Normal value,3,Thousands,0,Zero
DATAFLOW,OECD.SDD.TPS:DSD_LFS@DF_IALFS_LF_Q(1.0),Labour force population,I,ISL,Iceland,LF,Labour force,PS,Persons,_Z,Not applicable,Y,Calendar and seasonally adjusted,_T,Total,Y15T64,From 15 to 64 years,_Z,Not applicable,Q,Quarterly,2023-Q1,,211.7712,,,,A,Normal value,3,Thousands,0,Zero
DATAFLOW,OECD.SDD.TPS:DSD_LFS@DF_IALFS_LF_Q(1.0),Labour force population,I,ISL,Iceland,LF,Labour force,PS,Persons,_Z,Not applicable,Y,Calendar and seasonally adjusted,_T,Total,Y15T64,From 15 to 64 years,_Z,Not applicable,Q,Quarterly,2023-Q2,,215.1473,,,,A,Normal value,3,Thousands,0,Zero
DATAFLOW,OECD.SDD.TPS:DSD_LFS@DF_IALFS_LF_Q(1.0),Labour force population,I,ISL,Iceland,LF,Labour force,PS,Persons,_Z,Not applicable,Y,Calendar and seasonally adjusted,_T,Total,Y15T64,From 15 to 64 years,_Z,Not applicable,Q,Quarterly,2023-Q3,,216.7558,,,,A,Normal value,3,Thousands,0,Zero
DATAFLOW,OECD.SDD.TPS:DSD_LFS@DF_IALFS_LF_Q(1.0),Labour force population,I,TUR,Türkiye,LF,Labour force,PS,Persons,_Z,Not applicable,Y,Calendar and seasonally adjusted,_T,Total,Y15T64,From 15 to 64 years,_Z,Not applicable,Q,Quarterly,2022-Q2,,33369.52,,,,A,Normal value,3,Thousands,0,Zero
DATAFLOW,OECD.SDD.TPS:DSD_LFS@DF_IALFS_LF_Q(1.0),Labour force population,I,TUR,Türkiye,LF,Labour force,PS,Persons,_Z,Not applicable,Y,Calendar and seasonally adjusted,_T,Total,Y15T64,From 15 to 64 years,_Z,Not applicable,Q,Quarterly,2022-Q3,,33217.86,,,,A,Normal value,3,Thousands,0,Zero
DATAFLOW,OECD.SDD.TPS:DSD_LFS@DF_IALFS_LF_Q(1.0),Labour force population,I,TUR,Türkiye,LF,Labour force,PS,Persons,_Z,Not applicable,Y,Calendar and seasonally adjusted,_T,Total,Y15T64,From 15 to 64 years,_Z,Not applicable,Q,Quarterly,2022-Q4,,33938.16,,,,A,Normal value,3,Thousands,0,Zero
DATAFLOW,OECD.SDD.TPS:DSD_LFS@DF_IALFS_LF_Q(1.0),Labour force population,I,TUR,Türkiye,LF,Labour force,PS,Persons,_Z,Not applicable,Y,Calendar and seasonally adjusted,_T,Total,Y15T64,From 15 to 64 years,_Z,Not applicable,Q,Quarterly,2023-Q1,,33915.37,,,,A,Normal value,3,Thousands,0,Zero
DATAFLOW,OECD.SDD.TPS:DSD_LFS@DF_IALFS_LF_Q(1.0),Labour force population,I,TUR,Türkiye,LF,Labour force,PS,Persons,_Z,Not applicable,Y,Calendar and seasonally adjusted,_T,Total,Y15T64,From 15 to 64 years,_Z,Not applicable,Q,Quarterly,2023-Q2,,33817.54,,,,A,Normal value,3,Thousands,0,Zero
DATAFLOW,OECD.SDD.TPS:DSD_LFS@DF_IALFS_LF_Q(1.0),Labour force population,I,TUR,Türkiye,LF,Labour force,PS,Persons,_Z,Not applicable,Y,Calendar and seasonally adjusted,_T,Total,Y15T64,From 15 to 64 years,_Z,Not applicable,Q,Quarterly,2023-Q3,,33816.96,,,,A,Normal value,3,Thousands,0,Zero
DATAFLOW,OECD.SDD.TPS:DSD_LFS@DF_IALFS_LF_Q(1.0),Labour force population,I,BEL,Belgium,LF,Labour force,PS,Persons,_Z,Not applicable,Y,Calendar and seasonally adjusted,_T,Total,Y15T64,From 15 to 64 years,_Z,Not applicable,Q,Quarterly,2022-Q2,,5188.64,,,,A,Normal value,3,Thousands,0,Zero
DATAFLOW,OECD.SDD.TPS:DSD_LFS@DF_IALFS_LF_Q(1.0),Labour force population,I,BEL,Belgium,LF,Labour force,PS,Persons,_Z,Not applicable,Y,Calendar and seasonally adjusted,_T,Total,Y15T64,From 15 to 64 years,_Z,Not applicable,Q,Quarterly,2022-Q3,,5230.372,,,,A,Normal value,3,Thousands,0,Zero
DATAFLOW,OECD.SDD.TPS:DSD_LFS@DF_IALFS_LF_Q(1.0),Labour force population,I,BEL,Belgium,LF,Labour force,PS,Persons,_Z,Not applicable,Y,Calendar and seasonally adjusted,_T,Total,Y15T64,From 15 to 64 years,_Z,Not applicable,Q,Quarterly,2022-Q4,,5248.782,,,,A,Normal value,3,Thousands,0,Zero
DATAFLOW,OECD.SDD.TPS:DSD_LFS@DF_IALFS_LF_Q(1.0),Labour force population,I,BEL,Belgium,LF,Labour force,PS,Persons,_Z,Not applicable,Y,Calendar and seasonally adjusted,_T,Total,Y15T64,From 15 to 64 years,_Z,Not applicable,Q,Quarterly,2023-Q1,,5250.72,,,,A,Normal value,3,Thousands,0,Zero
DATAFLOW,OECD.SDD.TPS:DSD_LFS@DF_IALFS_LF_Q(1.0),Labour force population,I,BEL,Belgium,LF,Labour force,PS,Persons,_Z,Not applicable,Y,Calendar and seasonally adjusted,_T,Total,Y15T64,From 15 to 64 years,_Z,Not applicable,Q,Quarterly,2023-Q2,,5197.716,,,,A,Normal value,3,Thousands,0,Zero
DATAFLOW,OECD.SDD.TPS:DSD_LFS@DF_IALFS_LF_Q(1.0),Labour force population,I,BEL,Belgium,LF,Labour force,PS,Persons,_Z,Not applicable,Y,Calendar and seasonally adjusted,_T,Total,Y15T64,From 15 to 64 years,_Z,Not applicable,Q,Quarterly,2023-Q3,,5251.078,,,,A,Normal value,3,Thousands,0,Zero
DATAFLOW,OECD.SDD.TPS:DSD_LFS@DF_IALFS_LF_Q(1.0),Labour force population,I,EST,Estonia,LF,Labour force,PS,Persons,_Z,Not applicable,Y,Calendar and seasonally adjusted,_T,Total,Y15T64,From 15 to 64 years,_Z,Not applicable,Q,Quarterly,2022-Q2,,676.0308,,,,A,Normal value,3,Thousands,0,Zero
DATAFLOW,OECD.SDD.TPS:DSD_LFS@DF_IALFS_LF_Q(1.0),Labour force population,I,EST,Estonia,LF,Labour force,PS,Persons,_Z,Not applicable,Y,Calendar and seasonally adjusted,_T,Total,Y15T64,From 15 to 64 years,_Z,Not applicable,Q,Quarterly,2022-Q3,,676.6354,,,,A,Normal value,3,Thousands,0,Zero
DATAFLOW,OECD.SDD.TPS:DSD_LFS@DF_IALFS_LF_Q(1.0),Labour force population,I,EST,Estonia,LF,Labour force,PS,Persons,_Z,Not applicable,Y,Calendar and seasonally adjusted,_T,Total,Y15T64,From 15 to 64 years,_Z,Not applicable,Q,Quarterly,2022-Q4,,681.4069,,,,A,Normal value,3,Thousands,0,Zero
DATAFLOW,OECD.SDD.TPS:DSD_LFS@DF_IALFS_LF_Q(1.0),Labour force population,I,EST,Estonia,LF,Labour force,PS,Persons,_Z,Not applicable,Y,Calendar and seasonally adjusted,_T,Total,Y15T64,From 15 to 64 years,_Z,Not applicable,Q,Quarterly,2023-Q1,,689.1106,,,,A,Normal value,3,Thousands,0,Zero
DATAFLOW,OECD.SDD.TPS:DSD_LFS@DF_IALFS_LF_Q(1.0),Labour force population,I,EST,Estonia,LF,Labour force,PS,Persons,_Z,Not applicable,Y,Calendar and seasonally adjusted,_T,Total,Y15T64,From 15 to 64 years,_Z,Not applicable,Q,Quarterly,2023-Q2,,703.0948,,,,A,Normal value,3,Thousands,0,Zero
DATAFLOW,OECD.SDD.TPS:DSD_LFS@DF_IALFS_LF_Q(1.0),Labour force population,I,EST,Estonia,LF,Labour force,PS,Persons,_Z,Not applicable,Y,Calendar and seasonally adjusted,_T,Total,Y15T64,From 15 to 64 years,_Z,Not applicable,Q,Quarterly,2023-Q3,,706.1342,,,,A,Normal value,3,Thousands,0,Zero
DATAFLOW,OECD.SDD.TPS:DSD_LFS@DF_IALFS_LF_Q(1.0),Labour force population,I,CZE,Czechia,LF,Labour force,PS,Persons,_Z,Not applicable,Y,Calendar and seasonally adjusted,_T,Total,Y15T64,From 15 to 64 years,_Z,Not applicable,Q,Quarterly,2022-Q2,,5152.208,,,,A,Normal value,3,Thousands,0,Zero
DATAFLOW,OECD.SDD.TPS:DSD_LFS@DF_IALFS_LF_Q(1.0),Labour force population,I,CZE,Czechia,LF,Labour force,PS,Persons,_Z,Not applicable,Y,Calendar and seasonally adjusted,_T,Total,Y15T64,From 15 to 64 years,_Z,Not applicable,Q,Quarterly,2022-Q3,,5125.063,,,,A,Normal value,3,Thousands,0,Zero
DATAFLOW,OECD.SDD.TPS:DSD_LFS@DF_IALFS_LF_Q(1.0),Labour force population,I,CZE,Czechia,LF,Labour force,PS,Persons,_Z,Not applicable,Y,Calendar and seasonally adjusted,_T,Total,Y15T64,From 15 to 64 years,_Z,Not applicable,Q,Quarterly,2022-Q4,,5105.312,,,,A,Normal value,3,Thousands,0,Zero
DATAFLOW,OECD.SDD.TPS:DSD_LFS@DF_IALFS_LF_Q(1.0),Labour force population,I,CZE,Czechia,LF,Labour force,PS,Persons,_Z,Not applicable,Y,Calendar and seasonally adjusted,_T,Total,Y15T64,From 15 to 64 years,_Z,Not applicable,Q,Quarterly,2023-Q1,,5054.483,,,,A,Normal value,3,Thousands,0,Zero
DATAFLOW,OECD.SDD.TPS:DSD_LFS@DF_IALFS_LF_Q(1.0),Labour force population,I,CZE,Czechia,LF,Labour force,PS,Persons,_Z,Not applicable,Y,Calendar and seasonally adjusted,_T,Total,Y15T64,From 15 to 64 years,_Z,Not applicable,Q,Quarterly,2023-Q2,,5048.477,,,,A,Normal value,3,Thousands,0,Zero
DATAFLOW,OECD.SDD.TPS:DSD_LFS@DF_IALFS_LF_Q(1.0),Labour force population,I,CZE,Czechia,LF,Labour force,PS,Persons,_Z,Not applicable,Y,Calendar and seasonally adjusted,_T,Total,Y15T64,From 15 to 64 years,_Z,Not applicable,Q,Quarterly,2023-Q3,,5005.742,,,,A,Normal value,3,Thousands,0,Zero
DATAFLOW,OECD.SDD.TPS:DSD_LFS@DF_IALFS_LF_Q(1.0),Labour force population,I,USA,United States,LF,Labour force,PS,Persons,_Z,Not applicable,Y,Calendar and seasonally adjusted,_T,Total,Y15T64,From 15 to 64 years,_Z,Not applicable,Q,Quarterly,2022-Q2,,153312.3,,,,A,Normal value,3,Thousands,0,Zero
DATAFLOW,OECD.SDD.TPS:DSD_LFS@DF_IALFS_LF_Q(1.0),Labour force population,I,USA,United States,LF,Labour force,PS,Persons,_Z,Not applicable,Y,Calendar and seasonally adjusted,_T,Total,Y15T64,From 15 to 64 years,_Z,Not applicable,Q,Quarterly,2022-Q3,,153627.7,,,,A,Normal value,3,Thousands,0,Zero
DATAFLOW,OECD.SDD.TPS:DSD_LFS@DF_IALFS_LF_Q(1.0),Labour force population,I,USA,United States,LF,Labour force,PS,Persons,_Z,Not applicable,Y,Calendar and seasonally adjusted,_T,Total,Y15T64,From 15 to 64 years,_Z,Not applicable,Q,Quarterly,2022-Q4,,153701.8,,,,A,Normal value,3,Thousands,0,Zero
DATAFLOW,OECD.SDD.TPS:DSD_LFS@DF_IALFS_LF_Q(1.0),Labour force population,I,USA,United States,LF,Labour force,PS,Persons,_Z,Not applicable,Y,Calendar and seasonally adjusted,_T,Total,Y15T64,From 15 to 64 years,_Z,Not applicable,Q,Quarterly,2023-Q1,,155065.5,,,,A,Normal value,3,Thousands,0,Zero
DATAFLOW,OECD.SDD.TPS:DSD_LFS@DF_IALFS_LF_Q(1.0),Labour force population,I,USA,United States,LF,Labour force,PS,Persons,_Z,Not applicable,Y,Calendar and seasonally adjusted,_T,Total,Y15T64,From 15 to 64 years,_Z,Not applicable,Q,Quarterly,2023-Q2,,155684.3,,,,A,Normal value,3,Thousands,0,Zero
DATAFLOW,OECD.SDD.TPS:DSD_LFS@DF_IALFS_LF_Q(1.0),Labour force population,I,USA,United States,LF,Labour force,PS,Persons,_Z,Not applicable,Y,Calendar and seasonally adjusted,_T,Total,Y15T64,From 15 to 64 years,_Z,Not applicable,Q,Quarterly,2023-Q3,,156389.6,,,,A,Normal value,3,Thousands,0,Zero
DATAFLOW,OECD.SDD.TPS:DSD_LFS@DF_IALFS_LF_Q(1.0),Labour force population,I,EA20,Euro area (20 countries),LF,Labour force,PS,Persons,_Z,Not applicable,Y,Calendar and seasonally adjusted,_T,Total,Y15T64,From 15 to 64 years,_Z,Not applicable,Q,Quarterly,2022-Q2,,163856.1,,,,A,Normal value,3,Thousands,0,Zero
DATAFLOW,OECD.SDD.TPS:DSD_LFS@DF_IALFS_LF_Q(1.0),Labour force population,I,EA20,Euro area (20 countries),LF,Labour force,PS,Persons,_Z,Not applicable,Y,Calendar and seasonally adjusted,_T,Total,Y15T64,From 15 to 64 years,_Z,Not applicable,Q,Quarterly,2022-Q3,,164049.2,,,,A,Normal value,3,Thousands,0,Zero
DATAFLOW,OECD.SDD.TPS:DSD_LFS@DF_IALFS_LF_Q(1.0),Labour force population,I,EA20,Euro area (20 countries),LF,Labour force,PS,Persons,_Z,Not applicable,Y,Calendar and seasonally adjusted,_T,Total,Y15T64,From 15 to 64 years,_Z,Not applicable,Q,Quarterly,2022-Q4,,164373.3,,,,A,Normal value,3,Thousands,0,Zero
DATAFLOW,OECD.SDD.TPS:DSD_LFS@DF_IALFS_LF_Q(1.0),Labour force population,I,EA20,Euro area (20 countries),LF,Labour force,PS,Persons,_Z,Not applicable,Y,Calendar and seasonally adjusted,_T,Total,Y15T64,From 15 to 64 years,_Z,Not applicable,Q,Quarterly,2023-Q1,,165189.4,,,,A,Normal value,3,Thousands,0,Zero
DATAFLOW,OECD.SDD.TPS:DSD_LFS@DF_IALFS_LF_Q(1.0),Labour force population,I,EA20,Euro area (20 countries),LF,Labour force,PS,Persons,_Z,Not applicable,Y,Calendar and seasonally adjusted,_T,Total,Y15T64,From 15 to 64 years,_Z,Not applicable,Q,Quarterly,2023-Q2,,165476.1,,,,A,Normal value,3,Thousands,0,Zero
DATAFLOW,OECD.SDD.TPS:DSD_LFS@DF_IALFS_LF_Q(1.0),Labour force population,I,EA20,Euro area (20 countries),LF,Labour force,PS,Persons,_Z,Not applicable,Y,Calendar and seasonally adjusted,_T,Total,Y15T64,From 15 to 64 years,_Z,Not applicable,Q,Quarterly,2023-Q3,,165718.1,,,,A,Normal value,3,Thousands,0,Zero
DATAFLOW,OECD.SDD.TPS:DSD_LFS@DF_IALFS_LF_Q(1.0),Labour force population,I,FIN,Finland,LF,Labour force,PS,Persons,_Z,Not applicable,Y,Calendar and seasonally adjusted,_T,Total,Y15T64,From 15 to 64 years,_Z,Not applicable,Q,Quarterly,2022-Q2,,2698.25,,,,A,Normal value,3,Thousands,0,Zero
DATAFLOW,OECD.SDD.TPS:DSD_LFS@DF_IALFS_LF_Q(1.0),Labour force population,I,FIN,Finland,LF,Labour force,PS,Persons,_Z,Not applicable,Y,Calendar and seasonally adjusted,_T,Total,Y15T64,From 15 to 64 years,_Z,Not applicable,Q,Quarterly,2022-Q3,,2729.099,,,,A,Normal value,3,Thousands,0,Zero
DATAFLOW,OECD.SDD.TPS:DSD_LFS@DF_IALFS_LF_Q(1.0),Labour force population,I,FIN,Finland,LF,Labour force,PS,Persons,_Z,Not applicable,Y,Calendar and seasonally adjusted,_T,Total,Y15T64,From 15 to 64 years,_Z,Not applicable,Q,Quarterly,2022-Q4,,2729.117,,,,A,Normal value,3,Thousands,0,Zero
DATAFLOW,OECD.SDD.TPS:DSD_LFS@DF_IALFS_LF_Q(1.0),Labour force population,I,FIN,Finland,LF,Labour force,PS,Persons,_Z,Not applicable,Y,Calendar and seasonally adjusted,_T,Total,Y15T64,From 15 to 64 years,_Z,Not applicable,Q,Quarterly,2023-Q1,,2718.221,,,,A,Normal value,3,Thousands,0,Zero
DATAFLOW,OECD.SDD.TPS:DSD_LFS@DF_IALFS_LF_Q(1.0),Labour force population,I,FIN,Finland,LF,Labour force,PS,Persons,_Z,Not applicable,Y,Calendar and seasonally adjusted,_T,Total,Y15T64,From 15 to 64 years,_Z,Not applicable,Q,Quarterly,2023-Q2,,2735.778,,,,A,Normal value,3,Thousands,0,Zero
DATAFLOW,OECD.SDD.TPS:DSD_LFS@DF_IALFS_LF_Q(1.0),Labour force population,I,FIN,Finland,LF,Labour force,PS,Persons,_Z,Not applicable,Y,Calendar and seasonally adjusted,_T,Total,Y15T64,From 15 to 64 years,_Z,Not applicable,Q,Quarterly,2023-Q3,,2742.688,,,,A,Normal value,3,Thousands,0,Zero
DATAFLOW,OECD.SDD.TPS:DSD_LFS@DF_IALFS_LF_Q(1.0),Labour force population,I,PRT,Portugal,LF,Labour force,PS,Persons,_Z,Not applicable,Y,Calendar and seasonally adjusted,_T,Total,Y15T64,From 15 to 64 years,_Z,Not applicable,Q,Quarterly,2022-Q2,,4977.132,,,,A,Normal value,3,Thousands,0,Zero
DATAFLOW,OECD.SDD.TPS:DSD_LFS@DF_IALFS_LF_Q(1.0),Labour force population,I,PRT,Portugal,LF,Labour force,PS,Persons,_Z,Not applicable,Y,Calendar and seasonally adjusted,_T,Total,Y15T64,From 15 to 64 years,_Z,Not applicable,Q,Quarterly,2022-Q3,,5002.341,,,,A,Normal value,3,Thousands,0,Zero
DATAFLOW,OECD.SDD.TPS:DSD_LFS@DF_IALFS_LF_Q(1.0),Labour force population,I,PRT,Portugal,LF,Labour force,PS,Persons,_Z,Not applicable,Y,Calendar and seasonally adjusted,_T,Total,Y15T64,From 15 to 64 years,_Z,Not applicable,Q,Quarterly,2022-Q4,,5015.763,,,,A,Normal value,3,Thousands,0,Zero
DATAFLOW,OECD.SDD.TPS:DSD_LFS@DF_IALFS_LF_Q(1.0),Labour force population,I,PRT,Portugal,LF,Labour force,PS,Persons,_Z,Not applicable,Y,Calendar and seasonally adjusted,_T,Total,Y15T64,From 15 to 64 years,_Z,Not applicable,Q,Quarterly,2023-Q1,,5080.82,,,,A,Normal value,3,Thousands,0,Zero
DATAFLOW,OECD.SDD.TPS:DSD_LFS@DF_IALFS_LF_Q(1.0),Labour force population,I,PRT,Portugal,LF,Labour force,PS,Persons,_Z,Not applicable,Y,Calendar and seasonally adjusted,_T,Total,Y15T64,From 15 to 64 years,_Z,Not applicable,Q,Quarterly,2023-Q2,,5106.527,,,,A,Normal value,3,Thousands,0,Zero
DATAFLOW,OECD.SDD.TPS:DSD_LFS@DF_IALFS_LF_Q(1.0),Labour force population,I,PRT,Portugal,LF,Labour force,PS,Persons,_Z,Not applicable,Y,Calendar and seasonally adjusted,_T,Total,Y15T64,From 15 to 64 years,_Z,Not applicable,Q,Quarterly,2023-Q3,,5107.408,,,,A,Normal value,3,Thousands,0,Zero
DATAFLOW,OECD.SDD.TPS:DSD_LFS@DF_IALFS_LF_Q(1.0),Labour force population,I,CHE,Switzerland,LF,Labour force,PS,Persons,_Z,Not applicable,Y,Calendar and seasonally adjusted,_T,Total,Y15T64,From 15 to 64 years,_Z,Not applicable,Q,Quarterly,2022-Q2,,4738.302,,,,A,Normal value,3,Thousands,0,Zero
DATAFLOW,OECD.SDD.TPS:DSD_LFS@DF_IALFS_LF_Q(1.0),Labour force population,I,CHE,Switzerland,LF,Labour force,PS,Persons,_Z,Not applicable,Y,Calendar and seasonally adjusted,_T,Total,Y15T64,From 15 to 64 years,_Z,Not applicable,Q,Quarterly,2022-Q3,,4741.522,,,,A,Normal value,3,Thousands,0,Zero
DATAFLOW,OECD.SDD.TPS:DSD_LFS@DF_IALFS_LF_Q(1.0),Labour force population,I,CHE,Switzerland,LF,Labour force,PS,Persons,_Z,Not applicable,Y,Calendar and seasonally adjusted,_T,Total,Y15T64,From 15 to 64 years,_Z,Not applicable,Q,Quarterly,2022-Q4,,4786.695,,,,A,Normal value,3,Thousands,0,Zero
DATAFLOW,OECD.SDD.TPS:DSD_LFS@DF_IALFS_LF_Q(1.0),Labour force population,I,CHE,Switzerland,LF,Labour force,PS,Persons,_Z,Not applicable,Y,Calendar and seasonally adjusted,_T,Total,Y15T64,From 15 to 64 years,_Z,Not applicable,Q,Quarterly,2023-Q1,,4793.271,,,,A,Normal value,3,Thousands,0,Zero
DATAFLOW,OECD.SDD.TPS:DSD_LFS@DF_IALFS_LF_Q(1.0),Labour force population,I,CHE,Switzerland,LF,Labour force,PS,Persons,_Z,Not applicable,Y,Calendar and seasonally adjusted,_T,Total,Y15T64,From 15 to 64 years,_Z,Not applicable,Q,Quarterly,2023-Q2,,4838.201,,,,A,Normal value,3,Thousands,0,Zero
DATAFLOW,OECD.SDD.TPS:DSD_LFS@DF_IALFS_LF_Q(1.0),Labour force population,I,CHE,Switzerland,LF,Labour force,PS,Persons,_Z,Not applicable,Y,Calendar and seasonally adjusted,_T,Total,Y15T64,From 15 to 64 years,_Z,Not applicable,Q,Quarterly,2023-Q3,,4841.345,,,,A,Normal value,3,Thousands,0,Zero
DATAFLOW,OECD.SDD.TPS:DSD_LFS@DF_IALFS_LF_Q(1.0),Labour force population,I,G7,G7,LF,Labour force,PS,Persons,_Z,Not applicable,Y,Calendar and seasonally adjusted,_T,Total,Y15T64,From 15 to 64 years,_Z,Not applicable,Q,Quarterly,2022-Q2,,362581.9,,,,E,Estimated value,3,Thousands,0,Zero
DATAFLOW,OECD.SDD.TPS:DSD_LFS@DF_IALFS_LF_Q(1.0),Labour force population,I,G7,G7,LF,Labour force,PS,Persons,_Z,Not applicable,Y,Calendar and seasonally adjusted,_T,Total,Y15T64,From 15 to 64 years,_Z,Not applicable,Q,Quarterly,2022-Q3,,362716.7,,,,E,Estimated value,3,Thousands,0,Zero
DATAFLOW,OECD.SDD.TPS:DSD_LFS@DF_IALFS_LF_Q(1.0),Labour force population,I,G7,G7,LF,Labour force,PS,Persons,_Z,Not applicable,Y,Calendar and seasonally adjusted,_T,Total,Y15T64,From 15 to 64 years,_Z,Not applicable,Q,Quarterly,2022-Q4,,363068.8,,,,E,Estimated value,3,Thousands,0,Zero
DATAFLOW,OECD.SDD.TPS:DSD_LFS@DF_IALFS_LF_Q(1.0),Labour force population,I,G7,G7,LF,Labour force,PS,Persons,_Z,Not applicable,Y,Calendar and seasonally adjusted,_T,Total,Y15T64,From 15 to 64 years,_Z,Not applicable,Q,Quarterly,2023-Q1,,365254.9,,,,E,Estimated value,3,Thousands,0,Zero
DATAFLOW,OECD.SDD.TPS:DSD_LFS@DF_IALFS_LF_Q(1.0),Labour force population,I,G7,G7,LF,Labour force,PS,Persons,_Z,Not applicable,Y,Calendar and seasonally adjusted,_T,Total,Y15T64,From 15 to 64 years,_Z,Not applicable,Q,Quarterly,2023-Q2,,366647.2,,,,E,Estimated value,3,Thousands,0,Zero
DATAFLOW,OECD.SDD.TPS:DSD_LFS@DF_IALFS_LF_Q(1.0),Labour force population,I,FRA,France,LF,Labour force,PS,Persons,_Z,Not applicable,Y,Calendar and seasonally adjusted,_T,Total,Y15T64,From 15 to 64 years,_Z,Not applicable,Q,Quarterly,2022-Q2,,30081.64,,,,A,Normal value,3,Thousands,0,Zero
DATAFLOW,OECD.SDD.TPS:DSD_LFS@DF_IALFS_LF_Q(1.0),Labour force population,I,FRA,France,LF,Labour force,PS,Persons,_Z,Not applicable,Y,Calendar and seasonally adjusted,_T,Total,Y15T64,From 15 to 64 years,_Z,Not applicable,Q,Quarterly,2022-Q3,,30095.56,,,,A,Normal value,3,Thousands,0,Zero
DATAFLOW,OECD.SDD.TPS:DSD_LFS@DF_IALFS_LF_Q(1.0),Labour force population,I,FRA,France,LF,Labour force,PS,Persons,_Z,Not applicable,Y,Calendar and seasonally adjusted,_T,Total,Y15T64,From 15 to 64 years,_Z,Not applicable,Q,Quarterly,2022-Q4,,30059.61,,,,A,Normal value,3,Thousands,0,Zero
DATAFLOW,OECD.SDD.TPS:DSD_LFS@DF_IALFS_LF_Q(1.0),Labour force population,I,FRA,France,LF,Labour force,PS,Persons,_Z,Not applicable,Y,Calendar and seasonally adjusted,_T,Total,Y15T64,From 15 to 64 years,_Z,Not applicable,Q,Quarterly,2023-Q1,,30146.88,,,,A,Normal value,3,Thousands,0,Zero
DATAFLOW,OECD.SDD.TPS:DSD_LFS@DF_IALFS_LF_Q(1.0),Labour force population,I,FRA,France,LF,Labour force,PS,Persons,_Z,Not applicable,Y,Calendar and seasonally adjusted,_T,Total,Y15T64,From 15 to 64 years,_Z,Not applicable,Q,Quarterly,2023-Q2,,30296.51,,,,A,Normal value,3,Thousands,0,Zero
DATAFLOW,OECD.SDD.TPS:DSD_LFS@DF_IALFS_LF_Q(1.0),Labour force population,I,FRA,France,LF,Labour force,PS,Persons,_Z,Not applicable,Y,Calendar and seasonally adjusted,_T,Total,Y15T64,From 15 to 64 years,_Z,Not applicable,Q,Quarterly,2023-Q3,,30244.46,,,,A,Normal value,3,Thousands,0,Zero
DATAFLOW,OECD.SDD.TPS:DSD_LFS@DF_IALFS_LF_Q(1.0),Labour force population,I,SWE,Sweden,LF,Labour force,PS,Persons,_Z,Not applicable,Y,Calendar and seasonally adjusted,_T,Total,Y15T64,From 15 to 64 years,_Z,Not applicable,Q,Quarterly,2022-Q2,,5421.707,,,,A,Normal value,3,Thousands,0,Zero
DATAFLOW,OECD.SDD.TPS:DSD_LFS@DF_IALFS_LF_Q(1.0),Labour force population,I,SWE,Sweden,LF,Labour force,PS,Persons,_Z,Not applicable,Y,Calendar and seasonally adjusted,_T,Total,Y15T64,From 15 to 64 years,_Z,Not applicable,Q,Quarterly,2022-Q3,,5403.185,,,,A,Normal value,3,Thousands,0,Zero
DATAFLOW,OECD.SDD.TPS:DSD_LFS@DF_IALFS_LF_Q(1.0),Labour force population,I,SWE,Sweden,LF,Labour force,PS,Persons,_Z,Not applicable,Y,Calendar and seasonally adjusted,_T,Total,Y15T64,From 15 to 64 years,_Z,Not applicable,Q,Quarterly,2022-Q4,,5424.028,,,,A,Normal value,3,Thousands,0,Zero
DATAFLOW,OECD.SDD.TPS:DSD_LFS@DF_IALFS_LF_Q(1.0),Labour force population,I,SWE,Sweden,LF,Labour force,PS,Persons,_Z,Not applicable,Y,Calendar and seasonally adjusted,_T,Total,Y15T64,From 15 to 64 years,_Z,Not applicable,Q,Quarterly,2023-Q1,,5464.568,,,,A,Normal value,3,Thousands,0,Zero
DATAFLOW,OECD.SDD.TPS:DSD_LFS@DF_IALFS_LF_Q(1.0),Labour force population,I,SWE,Sweden,LF,Labour force,PS,Persons,_Z,Not applicable,Y,Calendar and seasonally adjusted,_T,Total,Y15T64,From 15 to 64 years,_Z,Not applicable,Q,Quarterly,2023-Q2,,5494.105,,,,A,Normal value,3,Thousands,0,Zero
DATAFLOW,OECD.SDD.TPS:DSD_LFS@DF_IALFS_LF_Q(1.0),Labour force population,I,SWE,Sweden,LF,Labour force,PS,Persons,_Z,Not applicable,Y,Calendar and seasonally adjusted,_T,Total,Y15T64,From 15 to 64 years,_Z,Not applicable,Q,Quarterly,2023-Q3,,5490.302,,,,A,Normal value,3,Thousands,0,Zero
DATAFLOW,OECD.SDD.TPS:DSD_LFS@DF_IALFS_LF_Q(1.0),Labour force population,I,EU27_2020,European Union (27 countries from 01/02/2020),LF,Labour force,PS,Persons,_Z,Not applicable,Y,Calendar and seasonally adjusted,_T,Total,Y15T64,From 15 to 64 years,_Z,Not applicable,Q,Quarterly,2022-Q2,,210279.3,,,,A,Normal value,3,Thousands,0,Zero
DATAFLOW,OECD.SDD.TPS:DSD_LFS@DF_IALFS_LF_Q(1.0),Labour force population,I,EU27_2020,European Union (27 countries from 01/02/2020),LF,Labour force,PS,Persons,_Z,Not applicable,Y,Calendar and seasonally adjusted,_T,Total,Y15T64,From 15 to 64 years,_Z,Not applicable,Q,Quarterly,2022-Q3,,210242.9,,,,A,Normal value,3,Thousands,0,Zero
DATAFLOW,OECD.SDD.TPS:DSD_LFS@DF_IALFS_LF_Q(1.0),Labour force population,I,EU27_2020,European Union (27 countries from 01/02/2020),LF,Labour force,PS,Persons,_Z,Not applicable,Y,Calendar and seasonally adjusted,_T,Total,Y15T64,From 15 to 64 years,_Z,Not applicable,Q,Quarterly,2022-Q4,,211108.1,,,,A,Normal value,3,Thousands,0,Zero
DATAFLOW,OECD.SDD.TPS:DSD_LFS@DF_IALFS_LF_Q(1.0),Labour force population,I,EU27_2020,European Union (27 countries from 01/02/2020),LF,Labour force,PS,Persons,_Z,Not applicable,Y,Calendar and seasonally adjusted,_T,Total,Y15T64,From 15 to 64 years,_Z,Not applicable,Q,Quarterly,2023-Q1,,211529.9,,,,A,Normal value,3,Thousands,0,Zero
DATAFLOW,OECD.SDD.TPS:DSD_LFS@DF_IALFS_LF_Q(1.0),Labour force population,I,EU27_2020,European Union (27 countries from 01/02/2020),LF,Labour force,PS,Persons,_Z,Not applicable,Y,Calendar and seasonally adjusted,_T,Total,Y15T64,From 15 to 64 years,_Z,Not applicable,Q,Quarterly,2023-Q2,,211709,,,,A,Normal value,3,Thousands,0,Zero
DATAFLOW,OECD.SDD.TPS:DSD_LFS@DF_IALFS_LF_Q(1.0),Labour force population,I,EU27_2020,European Union (27 countries from 01/02/2020),LF,Labour force,PS,Persons,_Z,Not applicable,Y,Calendar and seasonally adjusted,_T,Total,Y15T64,From 15 to 64 years,_Z,Not applicable,Q,Quarterly,2023-Q3,,211751.6,,,,A,Normal value,3,Thousands,0,Zero
DATAFLOW,OECD.SDD.TPS:DSD_LFS@DF_IALFS_LF_Q(1.0),Labour force population,I,LUX,Luxembourg,LF,Labour force,PS,Persons,_Z,Not applicable,Y,Calendar and seasonally adjusted,_T,Total,Y15T64,From 15 to 64 years,_Z,Not applicable,Q,Quarterly,2022-Q2,,324.3864,,,,A,Normal value,3,Thousands,0,Zero
DATAFLOW,OECD.SDD.TPS:DSD_LFS@DF_IALFS_LF_Q(1.0),Labour force population,I,LUX,Luxembourg,LF,Labour force,PS,Persons,_Z,Not applicable,Y,Calendar and seasonally adjusted,_T,Total,Y15T64,From 15 to 64 years,_Z,Not applicable,Q,Quarterly,2022-Q3,,325.9179,,,,A,Normal value,3,Thousands,0,Zero
DATAFLOW,OECD.SDD.TPS:DSD_LFS@DF_IALFS_LF_Q(1.0),Labour force population,I,LUX,Luxembourg,LF,Labour force,PS,Persons,_Z,Not applicable,Y,Calendar and seasonally adjusted,_T,Total,Y15T64,From 15 to 64 years,_Z,Not applicable,Q,Quarterly,2022-Q4,,324.6182,,,,A,Normal value,3,Thousands,0,Zero
DATAFLOW,OECD.SDD.TPS:DSD_LFS@DF_IALFS_LF_Q(1.0),Labour force population,I,LUX,Luxembourg,LF,Labour force,PS,Persons,_Z,Not applicable,Y,Calendar and seasonally adjusted,_T,Total,Y15T64,From 15 to 64 years,_Z,Not applicable,Q,Quarterly,2023-Q1,,332.1137,,,,A,Normal value,3,Thousands,0,Zero
DATAFLOW,OECD.SDD.TPS:DSD_LFS@DF_IALFS_LF_Q(1.0),Labour force population,I,LUX,Luxembourg,LF,Labour force,PS,Persons,_Z,Not applicable,Y,Calendar and seasonally adjusted,_T,Total,Y15T64,From 15 to 64 years,_Z,Not applicable,Q,Quarterly,2023-Q2,,336.9651,,,,A,Normal value,3,Thousands,0,Zero
DATAFLOW,OECD.SDD.TPS:DSD_LFS@DF_IALFS_LF_Q(1.0),Labour force population,I,LUX,Luxembourg,LF,Labour force,PS,Persons,_Z,Not applicable,Y,Calendar and seasonally adjusted,_T,Total,Y15T64,From 15 to 64 years,_Z,Not applicable,Q,Quarterly,2023-Q3,,338.0291,,,,A,Normal value,3,Thousands,0,Zero
DATAFLOW,OECD.SDD.TPS:DSD_LFS@DF_IALFS_LF_Q(1.0),Labour force population,I,POL,Poland,LF,Labour force,PS,Persons,_Z,Not applicable,Y,Calendar and seasonally adjusted,_T,Total,Y15T64,From 15 to 64 years,_Z,Not applicable,Q,Quarterly,2022-Q2,,16808.14,,,,A,Normal value,3,Thousands,0,Zero
DATAFLOW,OECD.SDD.TPS:DSD_LFS@DF_IALFS_LF_Q(1.0),Labour force population,I,POL,Poland,LF,Labour force,PS,Persons,_Z,Not applicable,Y,Calendar and seasonally adjusted,_T,Total,Y15T64,From 15 to 64 years,_Z,Not applicable,Q,Quarterly,2022-Q3,,16749.74,,,,A,Normal value,3,Thousands,0,Zero
DATAFLOW,OECD.SDD.TPS:DSD_LFS@DF_IALFS_LF_Q(1.0),Labour force population,I,POL,Poland,LF,Labour force,PS,Persons,_Z,Not applicable,Y,Calendar and seasonally adjusted,_T,Total,Y15T64,From 15 to 64 years,_Z,Not applicable,Q,Quarterly,2022-Q4,,16814.05,,,,A,Normal value,3,Thousands,0,Zero
DATAFLOW,OECD.SDD.TPS:DSD_LFS@DF_IALFS_LF_Q(1.0),Labour force population,I,POL,Poland,LF,Labour force,PS,Persons,_Z,Not applicable,Y,Calendar and seasonally adjusted,_T,Total,Y15T64,From 15 to 64 years,_Z,Not applicable,Q,Quarterly,2023-Q1,,16850.73,,,,A,Normal value,3,Thousands,0,Zero
DATAFLOW,OECD.SDD.TPS:DSD_LFS@DF_IALFS_LF_Q(1.0),Labour force population,I,POL,Poland,LF,Labour force,PS,Persons,_Z,Not applicable,Y,Calendar and seasonally adjusted,_T,Total,Y15T64,From 15 to 64 years,_Z,Not applicable,Q,Quarterly,2023-Q2,,16872.96,,,,A,Normal value,3,Thousands,0,Zero
DATAFLOW,OECD.SDD.TPS:DSD_LFS@DF_IALFS_LF_Q(1.0),Labour force population,I,POL,Poland,LF,Labour force,PS,Persons,_Z,Not applicable,Y,Calendar and seasonally adjusted,_T,Total,Y15T64,From 15 to 64 years,_Z,Not applicable,Q,Quarterly,2023-Q3,,16931.38,,,,A,Normal value,3,Thousands,0,Zero
DATAFLOW,OECD.SDD.TPS:DSD_LFS@DF_IALFS_LF_Q(1.0),Labour force population,I,ISR,Israel,LF,Labour force,PS,Persons,_Z,Not applicable,Y,Calendar and seasonally adjusted,_T,Total,Y15T64,From 15 to 64 years,_Z,Not applicable,Q,Quarterly,2022-Q2,,4069.398,,,,A,Normal value,3,Thousands,0,Zero
DATAFLOW,OECD.SDD.TPS:DSD_LFS@DF_IALFS_LF_Q(1.0),Labour force population,I,ISR,Israel,LF,Labour force,PS,Persons,_Z,Not applicable,Y,Calendar and seasonally adjusted,_T,Total,Y15T64,From 15 to 64 years,_Z,Not applicable,Q,Quarterly,2022-Q3,,4120.805,,,,A,Normal value,3,Thousands,0,Zero
DATAFLOW,OECD.SDD.TPS:DSD_LFS@DF_IALFS_LF_Q(1.0),Labour force population,I,ISR,Israel,LF,Labour force,PS,Persons,_Z,Not applicable,Y,Calendar and seasonally adjusted,_T,Total,Y15T64,From 15 to 64 years,_Z,Not applicable,Q,Quarterly,2022-Q4,,4128.178,,,,A,Normal value,3,Thousands,0,Zero
DATAFLOW,OECD.SDD.TPS:DSD_LFS@DF_IALFS_LF_Q(1.0),Labour force population,I,ISR,Israel,LF,Labour force,PS,Persons,_Z,Not applicable,Y,Calendar and seasonally adjusted,_T,Total,Y15T64,From 15 to 64 years,_Z,Not applicable,Q,Quarterly,2023-Q1,,4220.185,,,,A,Normal value,3,Thousands,0,Zero
DATAFLOW,OECD.SDD.TPS:DSD_LFS@DF_IALFS_LF_Q(1.0),Labour force population,I,ISR,Israel,LF,Labour force,PS,Persons,_Z,Not applicable,Y,Calendar and seasonally adjusted,_T,Total,Y15T64,From 15 to 64 years,_Z,Not applicable,Q,Quarterly,2023-Q2,,4234.395,,,,A,Normal value,3,Thousands,0,Zero
DATAFLOW,OECD.SDD.TPS:DSD_LFS@DF_IALFS_LF_Q(1.0),Labour force population,I,ISR,Israel,LF,Labour force,PS,Persons,_Z,Not applicable,Y,Calendar and seasonally adjusted,_T,Total,Y15T64,From 15 to 64 years,_Z,Not applicable,Q,Quarterly,2023-Q3,,4227.791,,,,A,Normal value,3,Thousands,0,Zero
DATAFLOW,OECD.SDD.TPS:DSD_LFS@DF_IALFS_LF_Q(1.0),Labour force population,I,CRI,Costa Rica,LF,Labour force,PS,Persons,_Z,Not applicable,Y,Calendar and seasonally adjusted,_T,Total,Y15T64,From 15 to 64 years,_Z,Not applicable,Q,Quarterly,2022-Q2,,2351.962,,,,A,Normal value,3,Thousands,0,Zero
DATAFLOW,OECD.SDD.TPS:DSD_LFS@DF_IALFS_LF_Q(1.0),Labour force population,I,CRI,Costa Rica,LF,Labour force,PS,Persons,_Z,Not applicable,Y,Calendar and seasonally adjusted,_T,Total,Y15T64,From 15 to 64 years,_Z,Not applicable,Q,Quarterly,2022-Q3,,2404.428,,,,A,Normal value,3,Thousands,0,Zero
DATAFLOW,OECD.SDD.TPS:DSD_LFS@DF_IALFS_LF_Q(1.0),Labour force population,I,CRI,Costa Rica,LF,Labour force,PS,Persons,_Z,Not applicable,Y,Calendar and seasonally adjusted,_T,Total,Y15T64,From 15 to 64 years,_Z,Not applicable,Q,Quarterly,2022-Q4,,2378.003,,,,A,Normal value,3,Thousands,0,Zero
DATAFLOW,OECD.SDD.TPS:DSD_LFS@DF_IALFS_LF_Q(1.0),Labour force population,I,CRI,Costa Rica,LF,Labour force,PS,Persons,_Z,Not applicable,Y,Calendar and seasonally adjusted,_T,Total,Y15T64,From 15 to 64 years,_Z,Not applicable,Q,Quarterly,2023-Q1,,2270.862,,,,A,Normal value,3,Thousands,0,Zero
DATAFLOW,OECD.SDD.TPS:DSD_LFS@DF_IALFS_LF_Q(1.0),Labour force population,I,CRI,Costa Rica,LF,Labour force,PS,Persons,_Z,Not applicable,Y,Calendar and seasonally adjusted,_T,Total,Y15T64,From 15 to 64 years,_Z,Not applicable,Q,Quarterly,2023-Q2,,2261.898,,,,A,Normal value,3,Thousands,0,Zero
DATAFLOW,OECD.SDD.TPS:DSD_LFS@DF_IALFS_LF_Q(1.0),Labour force population,I,CRI,Costa Rica,LF,Labour force,PS,Persons,_Z,Not applicable,Y,Calendar and seasonally adjusted,_T,Total,Y15T64,From 15 to 64 years,_Z,Not applicable,Q,Quarterly,2023-Q3,,2188.371,,,,A,Normal value,3,Thousands,0,Zero
DATAFLOW,OECD.SDD.TPS:DSD_LFS@DF_IALFS_LF_Q(1.0),Labour force population,I,EA19,Euro area (19 countries),LF,Labour force,PS,Persons,_Z,Not applicable,Y,Calendar and seasonally adjusted,_T,Total,Y15T64,From 15 to 64 years,_Z,Not applicable,Q,Quarterly,2022-Q2,,163929.5,,,,A,Normal value,3,Thousands,0,Zero
DATAFLOW,OECD.SDD.TPS:DSD_LFS@DF_IALFS_LF_Q(1.0),Labour force population,I,EA19,Euro area (19 countries),LF,Labour force,PS,Persons,_Z,Not applicable,Y,Calendar and seasonally adjusted,_T,Total,Y15T64,From 15 to 64 years,_Z,Not applicable,Q,Quarterly,2022-Q3,,164184.1,,,,A,Normal value,3,Thousands,0,Zero
DATAFLOW,OECD.SDD.TPS:DSD_LFS@DF_IALFS_LF_Q(1.0),Labour force population,I,EA19,Euro area (19 countries),LF,Labour force,PS,Persons,_Z,Not applicable,Y,Calendar and seasonally adjusted,_T,Total,Y15T64,From 15 to 64 years,_Z,Not applicable,Q,Quarterly,2022-Q4,,164440.7,,,,A,Normal value,3,Thousands,0,Zero
DATAFLOW,OECD.SDD.TPS:DSD_LFS@DF_IALFS_LF_Q(1.0),Labour force population,I,AUS,Australia,LF,Labour force,PS,Persons,_Z,Not applicable,Y,Calendar and seasonally adjusted,_T,Total,Y15T64,From 15 to 64 years,_Z,Not applicable,Q,Quarterly,2022-Q2,,13428.4,,,,A,Normal value,3,Thousands,0,Zero
DATAFLOW,OECD.SDD.TPS:DSD_LFS@DF_IALFS_LF_Q(1.0),Labour force population,I,AUS,Australia,LF,Labour force,PS,Persons,_Z,Not applicable,Y,Calendar and seasonally adjusted,_T,Total,Y15T64,From 15 to 64 years,_Z,Not applicable,Q,Quarterly,2022-Q3,,13541.18,,,,A,Normal value,3,Thousands,0,Zero
DATAFLOW,OECD.SDD.TPS:DSD_LFS@DF_IALFS_LF_Q(1.0),Labour force population,I,AUS,Australia,LF,Labour force,PS,Persons,_Z,Not applicable,Y,Calendar and seasonally adjusted,_T,Total,Y15T64,From 15 to 64 years,_Z,Not applicable,Q,Quarterly,2022-Q4,,13619.17,,,,A,Normal value,3,Thousands,0,Zero
DATAFLOW,OECD.SDD.TPS:DSD_LFS@DF_IALFS_LF_Q(1.0),Labour force population,I,AUS,Australia,LF,Labour force,PS,Persons,_Z,Not applicable,Y,Calendar and seasonally adjusted,_T,Total,Y15T64,From 15 to 64 years,_Z,Not applicable,Q,Quarterly,2023-Q1,,13731.49,,,,A,Normal value,3,Thousands,0,Zero
DATAFLOW,OECD.SDD.TPS:DSD_LFS@DF_IALFS_LF_Q(1.0),Labour force population,I,AUS,Australia,LF,Labour force,PS,Persons,_Z,Not applicable,Y,Calendar and seasonally adjusted,_T,Total,Y15T64,From 15 to 64 years,_Z,Not applicable,Q,Quarterly,2023-Q2,,13840.72,,,,A,Normal value,3,Thousands,0,Zero
DATAFLOW,OECD.SDD.TPS:DSD_LFS@DF_IALFS_LF_Q(1.0),Labour force population,I,AUS,Australia,LF,Labour force,PS,Persons,_Z,Not applicable,Y,Calendar and seasonally adjusted,_T,Total,Y15T64,From 15 to 64 years,_Z,Not applicable,Q,Quarterly,2023-Q3,,13975.4,,,,A,Normal value,3,Thousands,0,Zero
